2025 Rank,2024 Rank,Institution Name,Location,Location Full,Size,Academic Reputation,Employer Reputation,Faculty Student,Citations per Faculty,International Faculty,International Students_x,International Research Network,Employment Outcomes,Sustainability,QS Overall Score,Rank,Name,Country,Student Population,Students to Staff Ratio,International Students_y,Female to Male Ratio,Overall Score,Teaching,Research Environment,Research Quality,Industry Impact,International Outlook,Year,Research Performance Score,Internationalization Score,Teaching Excellence Score,Staff Availability Score,Industry Collaboration Score,Overall Performance Index
2.0,6,imperial college london,UK,united kingdom,L,98.5,99.5,98.2,93.9,100.0,99.6,97.4,93.4,99.7,98.5,9.0,imperial college london,united kingdom,21000.0,12.1,60,43 : 57,94.419,89.3,94.9,98.5,90.8,98.3,2025,97.06,80.0,87.01283582089552,83.5820895522388,90.8,90.04549253731344
3.0,3,university of oxford,UK,united kingdom,L,100.0,100.0,100.0,84.8,98.1,97.7,100.0,100.0,85.0,96.9,1.0,university of oxford,united kingdom,22095.0,10.8,43,51 : 49,98.4775,96.8,100.0,98.8,99.6,97.3,2025,99.28,70.55,92.21839891451832,85.3459972862958,99.6,92.5469396200814
4.0,4,harvard university,US,united states,L,100.0,100.0,96.3,100.0,74.1,69.0,99.6,100.0,84.4,96.8,3.0,harvard university,united states,22584.0,10.0,25,52 : 48,97.64999999999998,97.3,99.9,99.3,85.7,90.1,2025,99.54,49.55,92.95259158751696,86.43147896879239,85.7,87.65990705563094
5.0,2,university of cambridge,UK,united kingdom,L,100.0,100.0,100.0,84.6,100.0,94.8,99.3,100.0,84.8,96.7,5.0,university of cambridge,united kingdom,20980.0,11.5,38,49 : 51,97.36,95.9,99.9,97.6,88.4,97.1,2025,98.52000000000001,69.0,91.2984803256445,84.39620081411127,88.4,90.04646811397558
6.0,5,stanford university,US,united states,L,100.0,100.0,100.0,99.0,70.3,60.8,96.8,100.0,81.2,96.1,6.0,stanford university,united states,16963.0,5.9,23,47 : 53,97.242,97.5,97.3,99.6,100.0,85.1,2025,98.67999999999999,46.65,95.29782903663501,91.99457259158751,100.0,89.88974016282225
9.0,9,ucl,UK,united kingdom,XL,99.5,98.3,95.9,72.2,99.0,100.0,99.9,70.3,74.8,91.6,22.0,ucl,united kingdom,41935.0,11.1,61,60 : 40,87.73349999999999,77.6,86.2,98.4,74.9,97.7,2025,93.52000000000001,80.0,80.53557666214382,84.93894165535957,74.9,84.15445183175034
11.0,12,university of pennsylvania,US,united states,L,96.3,91.9,99.8,74.0,90.9,66.2,91.9,100.0,93.0,90.3,14.0,university of pennsylvania,united states,22539.0,6.8,24,55 : 45,90.947,87.1,90.7,96.9,98.3,79.3,2025,94.42,57.45,88.56936227951154,90.77340569877884,98.3,87.40877679782903
16.0,13,cornell university,US,united states,L,98.3,93.1,52.7,97.5,54.2,63.4,94.0,97.1,72.1,87.9,20.0,cornell university,united states,25528.0,10.5,26,52 : 48,89.19549999999998,83.2,91.1,96.8,69.5,85.5,2025,94.52,40.1,84.2212211668928,85.75305291723203,69.5,78.99942740841247
18.0,19,the university of sydney,AU,australia,XL,96.4,90.0,10.9,93.7,99.9,100.0,95.8,93.1,99.6,87.3,61.0,the university of sydney,australia,53079.0,27.5,51,57 : 43,73.72449999999999,53.2,67.7,92.1,99.5,90.5,2025,82.34,75.45,56.99462686567165,62.68656716417911,99.5,75.00961940298508
22.0,17,princeton university,US,united states,M,99.8,98.3,57.0,100.0,9.6,56.6,78.3,95.7,51.5,85.5,4.0,princeton university,united states,8378.0,7.8,23,47 : 53,97.5195,98.3,98.0,98.9,96.9,87.4,2025,98.54,16.3,94.74662143826322,89.41655359565807,96.9,84.63031750339212
23.0,16,yale university,US,united states,L,99.9,99.9,100.0,38.6,91.5,63.3,93.9,98.5,92.2,85.2,10.0,yale university,united states,14401.0,6.2,22,53 : 47,94.164,93.7,95.0,97.8,86.5,82.3,2025,96.67999999999999,56.75,92.85500678426052,91.58751696065129,86.5,87.82475237449118
25.0,21,university of toronto,CA,canada,XL,99.7,96.9,44.9,50.8,96.9,96.1,97.7,98.7,100.0,84.1,21.0,university of toronto,canada,80107.0,25.2,29,56 : 44,88.295,76.2,93.5,93.4,94.9,91.8,2025,93.44,62.95,72.04293080054273,65.80732700135685,94.9,81.59652578018995
28.0,37,technical university of munich,DE,germany,XL,83.0,98.6,76.8,75.9,80.4,98.6,95.6,34.5,93.1,83.2,26.0,technical university of munich,germany,34907.0,41.8,43,35 : 65,83.4505,70.4,86.0,91.7,100.0,83.1,2025,89.42,61.7,59.5534328358209,43.28358208955225,100.0,76.39570149253731
29.0,30,mcgill university,CA,canada,L,94.3,87.6,62.3,57.9,83.7,89.6,94.2,98.3,99.1,83.0,45.0,mcgill university,canada,30051.0,11.3,30,61 : 39,76.66000000000001,66.2,70.9,88.6,78.0,91.6,2025,81.52,56.85,73.58702849389417,84.66757123473542,78.0,74.51495997286295
31.0,41,seoul national university,KR,south korea,L,98.5,98.6,83.1,71.7,10.5,16.9,73.2,100.0,96.0,82.3,63.0,seoul national university,south korea,25644.0,14.2,16,,73.51599999999999,73.7,74.3,76.2,100.0,44.9,2025,75.44,13.25,76.51308005427408,80.7327001356852,100.0,70.17107801899593
32.0,28,johns hopkins university,US,united states,L,86.0,62.6,100.0,84.2,63.7,95.8,98.7,71.5,61.9,82.1,16.0,johns hopkins university,united states,21735.0,5.8,32,55 : 45,90.6285,83.7,91.3,97.3,100.0,83.6,2025,94.9,47.85,87.07210312075983,92.13025780189959,100.0,85.86773609226594
32.0,28,the university of tokyo,JP,japan,L,100.0,99.8,89.3,57.3,10.1,29.7,87.4,99.9,98.3,82.1,28.0,the university of tokyo,japan,26438.0,10.4,17,,83.3475,94.1,94.2,68.3,100.0,50.4,2025,78.66,13.55,90.81549525101764,85.8887381275441,100.0,76.34892333785616
34.0,23,columbia university,US,united states,XL,99.6,98.8,100.0,31.7,41.5,97.0,98.5,99.9,71.8,82.0,19.0,columbia university,united states,30541.0,5.9,40,,89.751,86.4,88.8,96.9,75.9,85.4,2025,93.66,40.75,88.63782903663501,91.99457259158751,75.9,81.30174016282226
37.0,42,monash university,AU,australia,XL,89.2,79.6,9.4,87.6,100.0,100.0,94.8,79.4,98.2,81.2,58.0,monash university,australia,54821.0,32.6,37,55 : 45,73.811,52.2,65.6,95.0,99.7,92.0,2025,83.24,68.5,53.626648575305296,55.76662143826323,99.7,73.13332700135685
38.0,34,university of british columbia,CA,canada,XL,98.3,94.3,34.5,57.7,95.5,72.8,96.2,74.6,99.8,81.0,41.0,university of british columbia,canada,59931.0,19.3,34,56 : 44,77.79599999999999,62.3,76.7,89.7,79.8,94.3,2025,84.5,64.75,66.90510176390774,73.81275440976934,79.8,74.6742856173677
40.0,43,the university of queensland,AU,australia,XL,86.7,74.0,21.2,90.2,100.0,100.0,96.7,56.7,96.7,80.2,77.0,the university of queensland,australia,41249.0,37.6,42,55 : 45,70.285,50.8,61.9,87.8,99.7,93.6,2025,77.44,71.0,50.07294436906377,48.98236092265943,99.7,70.23453052917232
44.0,33,university of michigan-ann arbor,US,united states,XL,97.9,92.1,80.3,47.6,65.5,39.2,95.8,94.5,62.2,79.0,23.0,university of michigan-ann arbor,united states,47787.0,8.5,18,52 : 48,87.65549999999999,84.3,88.8,95.4,82.5,68.2,2025,92.76,41.75,85.9667028493894,88.46675712347354,82.5,81.1918459972863
46.0,38,institut polytechnique de paris,FR,france,M,44.7,99.6,95.9,86.1,99.1,98.0,89.6,97.7,54.8,77.5,71.0,institut polytechnique de paris,france,6062.0,6.7,43,24 : 76,71.27300000000001,69.2,60.8,73.4,98.3,97.0,2025,68.36,71.05,77.88363636363637,90.9090909090909,98.3,76.58777272727272
49.0,47,delft university of technology,NL,netherlands,L,74.4,83.0,39.4,79.7,100.0,91.4,93.7,54.8,99.1,77.0,57.0,delft university of technology,netherlands,20943.0,14.5,37,32 : 68,74.773,63.2,76.1,76.8,100.0,93.6,2025,76.52,68.5,70.05025780189959,80.32564450474898,100.0,76.57459023066485
50.0,46,kyoto university,JP,japan,L,98.8,99.0,94.2,39.3,15.9,19.0,85.7,72.8,85.2,76.0,55.0,kyoto university,japan,21707.0,9.0,11,25 : 75,75.18249999999999,86.3,85.1,58.7,100.0,45.8,2025,69.25999999999999,13.45,86.89533242876526,87.78833107191316,100.0,71.67186635006783
50.0,47,northwestern university,US,united states,L,84.0,68.0,97.6,67.7,45.4,52.0,89.4,96.8,55.4,76.0,31.0,northwestern university,united states,19922.0,8.0,20,53 : 47,81.39999999999998,71.8,75.8,97.8,92.3,69.4,2025,89.0,32.7,78.73807327001356,89.14518317503392,92.3,77.45832564450474
54.0,55,university of bristol,UK,united kingdom,L,75.8,82.5,36.7,75.9,87.5,89.8,94.6,51.2,98.9,75.4,78.0,university of bristol,united kingdom,28730.0,14.5,33,55 : 45,70.02099999999999,49.8,56.9,96.8,71.1,92.6,2025,80.84,60.25,62.01025780189959,80.32564450474898,71.1,69.70009023066486
55.0,53,university of amsterdam,NL,netherlands,XL,83.8,52.1,21.4,92.2,96.0,87.5,96.3,79.8,38.2,73.7,59.0,university of amsterdam,netherlands,29759.0,12.8,39,60 : 40,73.80249999999998,54.5,63.8,97.1,77.2,93.4,2025,83.77999999999999,67.5,65.7529172320217,82.63229308005428,77.2,74.0415210312076
58.0,52,carnegie mellon university,US,united states,L,69.8,80.1,40.9,98.9,33.7,99.1,79.9,61.5,24.5,72.0,24.0,carnegie mellon university,united states,15312.0,13.1,46,44 : 56,85.6745,73.1,85.1,99.0,85.4,84.2,2025,93.44,39.85,76.75009497964722,82.22523744911805,85.4,78.35403324287653
61.0,57,duke university,US,united states,L,86.0,74.7,100.0,35.1,16.3,61.0,93.3,85.5,75.0,70.8,27.0,duke university,united states,17180.0,4.3,22,54 : 46,83.368,77.7,75.6,96.2,100.0,75.5,2025,87.96,19.15,84.2862143826323,94.16553595658074,100.0,78.1586750339213
63.0,61,ku leuven,BE,belgium,XL,84.6,49.6,7.1,91.0,93.8,47.7,99.5,75.3,51.2,70.3,43.0,ku leuven,belgium,50447.0,37.5,20,52 : 48,77.0385,59.5,74.9,92.4,100.0,80.6,2025,85.4,56.9,55.3472184531886,49.11804613297151,100.0,72.79652645861601
63.0,59,sorbonne university,FR,france,XL,87.2,52.0,43.0,72.3,33.8,46.7,99.8,79.7,87.6,70.3,76.0,sorbonne university,france,40340.0,14.1,22,61 : 39,70.416,64.6,61.1,82.4,71.5,80.8,2025,73.88000000000001,27.9,71.1073541383989,80.86838534599728,71.5,65.65557394843961
66.0,58,university of texas at austin,US,united states,XL,93.5,86.6,8.1,76.7,6.1,11.7,91.7,81.7,52.1,69.5,50.0,university of texas at austin,united states,50047.0,16.6,9,55 : 45,75.8605,66.1,76.3,91.3,82.6,47.2,2025,85.3,7.55,70.65050203527815,77.47625508819539,82.6,68.10517571234735
67.0,79,korea university,KR,south korea,L,78.2,93.8,73.0,45.0,15.2,45.7,65.7,89.0,85.2,69.0,189.0,korea university,south korea,21741.0,17.3,38,,59.33699999999999,49.3,48.6,72.6,99.8,65.7,2025,63.0,26.6,60.19058344640435,76.52645861601086,99.8,62.07670420624152
68.0,69,national taiwan university (ntu),TW,taiwan,XL,93.4,92.1,25.5,44.3,16.7,27.4,71.5,99.9,90.0,68.7,172.0,national taiwan university (ntu),taiwan,25973.0,13.3,15,42 : 58,60.38249999999999,53.3,54.6,69.0,100.0,55.0,2025,63.24,15.85,64.76154681139755,81.9538670284939,100.0,62.17804138398914
69.0,64,university of illinois at urbana-champaign,US,united states,XL,83.9,75.7,6.4,77.5,14.0,56.3,90.4,81.7,65.0,68.2,46.0,university of illinois at urbana-champaign,united states,50655.0,19.7,25,51 : 49,76.51599999999999,66.4,81.0,84.1,86.7,63.2,2025,82.85999999999999,19.5,69.14800542740842,73.27001356852104,86.7,69.13280189959293
73.0,71,université paris-saclay,FR,france,XL,60.7,99.1,99.8,35.0,35.7,58.6,98.6,70.8,72.6,67.0,64.0,université paris-saclay,france,32679.0,15.0,24,51 : 49,73.4815,68.4,66.9,81.5,91.0,77.5,2025,75.66,29.85,72.89888738127544,79.6472184531886,91.0,70.1231105834464
74.0,73,kth royal institute of technology,SE,sweden,L,45.2,55.6,62.3,86.1,92.0,65.9,91.1,62.4,94.8,65.7,96.0,kth royal institute of technology,sweden,13113.0,15.6,26,34 : 66,66.895,52.3,58.3,81.5,97.3,82.9,2025,72.22,59.0,62.91324287652645,78.83310719131615,97.3,70.74163500678426
75.0,85,lund university,SE,sweden,L,68.3,52.5,55.5,44.6,97.4,73.4,96.7,86.5,99.6,65.6,95.0,lund university,sweden,23754.0,10.5,21,55 : 45,66.95349999999999,48.4,58.4,86.0,99.8,79.3,2025,74.96000000000001,59.2,63.34122116689281,85.75305291723203,99.8,72.25542740841249
76.0,63,university of washington,US,united states,XL,81.9,55.5,28.6,78.8,11.0,32.8,95.6,68.7,66.5,65.3,25.0,university of washington,united states,49647.0,10.0,16,57 : 43,83.7795,74.6,81.3,98.0,84.7,72.1,2025,91.32,13.5,79.33259158751696,86.43147896879239,84.7,74.45840705563093
77.0,72,the university of western australia,AU,australia,L,55.5,41.8,13.1,98.8,100.0,99.8,94.2,78.0,50.8,65.2,149.0,the university of western australia,australia,19214.0,22.9,26,51 : 49,62.026,37.8,47.2,87.6,98.3,93.0,2025,71.44,63.0,50.251234735413846,68.92808683853461,98.3,66.78693215739484
78.0,76,university of glasgow,UK,united kingdom,XL,77.4,67.7,38.0,32.5,95.7,99.4,97.6,33.5,98.5,65.0,87.0,university of glasgow,united kingdom,36240.0,15.1,46,59 : 41,67.79849999999999,47.5,51.4,96.0,72.0,96.0,2025,78.16,70.85,60.30461329715061,79.51153324287652,72.0,69.8901146540027
79.0,73,brown university,US,united states,M,59.9,49.6,77.7,76.4,79.9,50.9,83.2,63.6,46.6,64.7,60.0,brown university,united states,10476.0,10.3,20,,73.77600000000001,71.8,60.9,89.4,68.6,71.6,2025,78.0,49.95,77.48976933514247,86.02442333785618,68.6,72.20391926729985
80.0,84,university of birmingham,UK,united kingdom,XL,68.9,69.0,39.0,40.5,92.6,89.3,97.5,44.5,96.8,64.1,94.0,university of birmingham,united kingdom,32590.0,14.8,32,57 : 43,67.09599999999999,46.7,50.5,95.1,75.3,95.1,2025,77.25999999999999,62.3,59.9874355495251,79.91858887381275,75.3,68.67660244233377
80.0,81,university of southampton,UK,united kingdom,L,50.1,44.3,40.7,83.4,92.5,98.0,97.1,49.2,96.9,64.1,115.0,university of southampton,united kingdom,23135.0,14.7,43,53 : 47,65.27749999999999,47.2,47.7,91.2,72.7,96.7,2025,73.8,67.75,60.341709633649934,80.05427408412483,72.7,68.01709837177746
82.0,75,university of leeds,UK,united kingdom,XL,70.5,75.9,36.4,39.8,82.5,88.5,98.8,50.9,71.8,63.8,123.0,university of leeds,united kingdom,35710.0,15.1,38,59 : 41,64.521,46.4,51.0,87.0,71.2,94.6,2025,72.6,60.25,59.64461329715061,79.51153324287652,71.2,66.00311465400272
86.0,80,osaka university,JP,japan,L,82.4,87.0,45.2,54.9,23.9,12.2,68.2,33.0,68.0,63.5,162.0,osaka university,japan,22186.0,10.4,11,32 : 68,61.041,63.5,65.4,51.8,100.0,50.7,2025,57.24,17.45,72.45549525101765,85.8887381275441,100.0,63.01092333785618
88.0,90,university of technology sydney,AU,australia,L,43.9,55.0,9.8,97.7,96.6,86.0,91.4,40.2,96.3,62.4,156.0,university of technology sydney,australia,28533.0,36.6,24,51 : 49,61.682,35.2,42.5,94.9,88.2,93.0,2025,73.94,60.3,41.25568521031208,50.3392130257802,88.2,62.59348982360923
89.0,78,durham university,UK,united kingdom,L,59.6,83.9,26.3,40.9,97.3,84.9,89.7,39.4,98.6,61.7,173.0,durham university,united kingdom,21065.0,13.7,33,54 : 46,60.3655,43.6,43.9,83.7,62.5,95.5,2025,67.78,65.15,58.724450474898234,81.41112618724559,62.5,63.42405766621438
96.0,111,university of alberta,CA,canada,XL,57.0,42.2,39.1,61.3,98.3,71.0,96.0,70.0,97.6,61.2,116.0,university of alberta,canada,34169.0,23.9,27,,65.232,48.2,56.7,79.3,100.0,90.4,2025,70.26,62.65,55.94849389416554,67.57123473541384,100.0,68.57047286295793
98.0,100,pohang university of science and technology (postech),KR,south korea,S,45.9,80.0,99.9,96.9,27.6,2.7,26.6,11.0,36.6,60.3,151.0,pohang university of science and technology (postech),south korea,3245.0,10.5,8,,61.8555,55.9,50.0,78.8,100.0,43.0,2025,67.28,17.8,67.84122116689281,85.75305291723203,100.0,64.96242740841248
99.0,106,rwth aachen university,DE,germany,XL,46.6,93.7,6.3,71.9,48.6,85.5,86.1,33.4,84.8,59.9,92.0,rwth aachen university,germany,29050.0,37.1,31,35 : 65,67.191,53.9,64.2,78.0,100.0,70.3,2025,72.48,39.8,52.20431478968792,49.66078697421981,100.0,64.60951017639077
100.0,107,university of copenhagen,DK,denmark,XL,74.0,31.6,99.8,23.1,84.9,15.6,98.2,90.8,73.2,59.6,97.0,university of copenhagen,denmark,30962.0,4.2,14,63 : 37,66.67,49.1,51.8,92.0,90.4,79.3,2025,75.91999999999999,49.45,67.18048846675713,94.3012211668928,90.4,71.062670963365
103.0,105,uppsala university,SE,sweden,L,61.4,33.7,52.0,42.3,99.4,81.1,96.7,68.4,99.2,59.3,131.0,uppsala university,sweden,24313.0,12.6,18,59 : 41,63.564,44.2,55.4,83.4,96.1,74.6,2025,72.2,58.7,59.681465400271364,82.90366350067842,96.1,69.37851289009498
104.0,95,university of st andrews,UK,united kingdom,M,46.5,63.2,64.7,49.2,98.4,100.0,83.8,18.5,91.1,59.2,185.0,university of st andrews,united kingdom,10750.0,12.8,47,59 : 41,59.543,47.4,44.0,76.9,65.5,94.8,2025,63.74,72.7,61.49291723202171,82.63229308005428,65.5,64.5615210312076
107.0,113,tohoku university,JP,japan,L,73.8,82.8,97.8,23.9,14.1,11.4,68.3,22.6,78.6,58.8,120.0,tohoku university,japan,17218.0,12.3,12,28 : 72,64.9615,69.0,69.6,53.1,100.0,59.9,2025,59.7,13.05,74.72428765264587,83.31071913161466,100.0,64.00600067842606
108.0,100,university of nottingham,UK,united kingdom,XL,61.1,65.8,32.8,37.6,89.4,70.5,98.0,38.0,97.0,58.5,138.0,university of nottingham,united kingdom,35030.0,16.1,29,55 : 45,62.642,43.6,46.2,88.3,71.8,93.6,2025,71.46,59.2,57.4218724559023,78.15468113975577,71.8,64.75865535956581
109.0,121,technical university of denmark,DK,denmark,M,33.2,22.1,99.1,84.4,100.0,87.7,88.1,43.6,47.9,58.3,124.0,technical university of denmark,denmark,10492.0,8.0,30,34 : 66,64.36999999999999,49.8,46.8,84.0,99.8,92.2,2025,69.12,65.0,65.53807327001357,89.14518317503392,99.8,71.85032564450475
111.0,123,politecnico di milano,IT,italy,XL,70.8,77.0,5.8,40.2,67.4,56.8,88.1,52.9,72.6,58.2,236.0,politecnico di milano,italy,39532.0,24.4,20,,56.6595,43.3,49.6,69.4,96.3,64.4,2025,61.480000000000004,43.7,52.73712347354138,66.89280868385346,96.3,60.97599321573948
108.0,93,boston university,US,united states,L,61.9,69.1,38.3,41.3,34.3,88.9,86.9,77.2,65.9,58.1,75.0,boston university,united states,28939.0,11.7,32,58 : 42,70.601,60.5,56.2,93.2,71.2,75.3,2025,78.4,33.15,69.94993215739484,84.1248303934871,71.2,67.57497625508819
113.0,109,aalto university,FI,finland,L,45.7,40.6,33.2,73.6,95.2,40.1,78.2,95.1,94.7,57.9,196.0,aalto university,finland,14298.0,20.3,25,39 : 61,58.921,41.7,43.1,81.3,88.2,82.7,2025,66.02,60.1,54.002360922659435,72.45590230664858,88.2,64.2528263229308
114.0,97,georgia institute of technology,US,united states,XL,67.1,82.6,20.3,52.8,21.3,66.4,75.5,43.1,39.5,57.3,40.0,georgia institute of technology,united states,34116.0,31.4,31,34 : 66,78.326,60.0,77.7,92.9,99.2,83.4,2025,86.82000000000001,26.15,58.95793758480326,57.394843962008146,99.2,69.82477815468114
115.0,112,university of waterloo,CA,canada,XL,40.4,64.2,6.5,78.9,75.8,71.3,84.6,58.9,93.3,57.2,163.0,university of waterloo,canada,35370.0,23.1,22,47 : 53,60.91999999999999,41.0,48.9,83.1,77.1,88.4,2025,69.41999999999999,48.9,52.06268656716418,68.65671641791045,77.1,61.41894029850746
116.0,102,university of wisconsin-madison,US,united states,XL,77.7,47.8,74.3,23.7,35.3,23.6,91.6,81.6,59.6,57.1,56.0,university of wisconsin-madison,united states,43549.0,10.6,14,,74.828,69.7,70.2,86.3,81.4,63.5,2025,79.86,24.65,76.06694708276798,85.61736770691995,81.4,70.48193147896879
117.0,115,university of helsinki,FI,finland,L,62.3,29.1,59.4,49.6,73.4,5.7,96.9,90.5,94.5,56.8,107.0,university of helsinki,finland,23822.0,16.5,6,65 : 35,65.654,48.8,58.0,90.9,68.2,59.2,2025,77.74000000000001,39.7,60.32477611940298,77.61194029850746,68.2,64.50767164179105
119.0,117,university of oslo,NO,norway,L,55.6,16.0,73.8,55.7,91.6,31.7,97.3,80.9,72.1,56.1,117.0,university of oslo,norway,19971.0,11.7,17,63 : 37,65.23049999999999,46.6,52.4,91.6,74.5,77.7,2025,75.91999999999999,54.3,61.609932157394844,84.1248303934871,74.5,67.45547625508819
120.0,145,queen mary university of london,UK,united kingdom,L,48.3,36.9,30.4,62.8,99.5,99.2,92.5,21.4,95.6,55.8,141.0,queen mary university of london,united kingdom,25110.0,15.7,47,54 : 46,62.2965,36.1,42.3,97.1,72.5,98.0,2025,75.17999999999999,73.25,53.13896879240163,78.69742198100407,72.5,66.77413907734056
120.0,114,western university,CA,canada,XL,32.6,38.9,3.3,93.4,99.8,49.5,81.5,96.7,99.3,55.8,226.0,western university,canada,31227.0,32.7,24,56 : 44,57.37649999999999,39.5,42.1,76.7,99.5,87.0,2025,62.86,61.9,45.952374491180464,55.63093622795115,99.5,62.29433107191315
122.0,173,qatar university,QA,qatar,M,29.8,50.6,68.1,48.2,100.0,96.5,89.4,98.6,74.0,55.7,246.0,qatar university,qatar,9701.0,8.5,36,,56.1335,31.0,37.4,87.5,69.0,95.1,2025,67.46000000000001,68.0,53.98670284938942,88.46675712347354,69.0,63.05634599728629
123.0,140,rmit university,AU,australia,XL,40.4,48.0,5.2,77.7,100.0,91.4,83.2,38.4,93.9,55.5,258.0,rmit university,australia,32149.0,23.8,35,49 : 51,55.5025,34.0,36.5,82.8,77.0,92.9,2025,64.28,67.5,47.48276797829037,67.70691994572591,77.0,60.79196879240162
125.0,116,university of southern california,US,united states,XL,50.4,54.5,17.3,58.0,26.0,74.1,85.8,92.6,97.7,55.2,72.0,university of southern california,united states,44180.0,14.2,27,54 : 46,71.0445,58.3,60.4,92.8,75.0,73.2,2025,79.84,26.5,67.27308005427409,80.7327001356852,75.0,66.71457801899592
126.0,171,university college dublin,IE,ireland,L,51.4,43.5,16.6,46.4,99.1,74.8,87.2,89.8,95.6,55.0,230.0,university college dublin,ireland,24470.0,21.2,30,,57.1095,32.7,41.2,85.9,76.0,89.4,2025,68.02,64.55,48.11389416553595,71.23473541383989,76.0,61.72936295793758
128.0,118,stockholm university,SE,sweden,L,52.5,21.0,26.7,64.5,80.7,89.8,95.7,86.6,58.7,54.8,192.0,stockholm university,sweden,28689.0,17.4,14,,59.24999999999999,32.8,49.0,89.3,65.1,79.6,2025,73.18,47.35,50.23630936227951,76.39077340569878,65.1,60.06320827679783
129.0,110,newcastle university,UK,united kingdom,L,50.0,59.3,39.2,38.7,89.5,68.6,97.1,31.3,97.1,54.5,157.0,newcastle university,united kingdom,24885.0,14.4,26,53 : 47,61.4115,37.1,42.9,93.0,82.9,90.8,2025,72.96,57.75,54.44453188602442,80.46132971506105,82.9,65.68908616010854
130.0,118,"university of california, davis",US,united states,XL,63.0,48.0,23.5,52.5,72.7,51.3,90.6,22.8,76.1,54.4,62.0,"university of california, davis",united states,38873.0,13.9,17,59 : 41,73.54399999999998,63.8,67.8,86.1,89.4,75.4,2025,78.78,44.85,70.73590230664857,81.13975576662145,89.4,72.468065807327
131.0,124,university of basel,CH,switzerland,M,26.6,13.5,61.4,94.5,100.0,85.8,89.4,69.9,44.6,54.3,126.0,university of basel,switzerland,8527.0,10.2,33,57 : 43,64.20100000000001,50.5,42.7,86.0,99.7,95.1,2025,68.68,66.5,64.7640434192673,86.16010854816824,99.7,71.63541519674355
132.0,134,sapienza university of rome,IT,italy,XL,80.7,48.5,5.0,45.3,3.1,8.0,97.1,88.0,72.3,54.2,186.0,sapienza university of rome,italy,64504.0,27.6,7,61 : 39,59.51,53.4,50.8,73.7,93.0,42.6,2025,64.53999999999999,5.05,57.06035278154681,62.550881953867034,93.0,57.26762347354138
133.0,130,macquarie university,AU,australia,L,33.4,39.2,9.1,79.6,99.9,91.6,90.9,54.1,95.0,54.1,178.0,macquarie university,australia,28373.0,50.0,21,,59.878,35.2,42.7,89.4,93.4,87.4,2025,70.72,60.45,33.98295793758481,32.15739484396201,93.4,59.723535278154685
136.0,124,eindhoven university of technology,NL,netherlands,M,28.7,72.1,35.7,79.3,100.0,82.7,70.8,24.2,29.8,54.0,187.0,eindhoven university of technology,netherlands,10686.0,21.0,31,,59.449,46.2,51.0,68.0,100.0,88.4,2025,61.2,65.5,56.32244233378562,71.50610583446404,100.0,65.95785481682496
137.0,130,university of vienna,AT,austria,XL,70.9,40.4,23.2,13.0,100.0,92.0,96.0,89.7,60.9,53.9,110.0,university of vienna,austria,30739.0,37.0,32,65 : 35,65.505,48.0,61.0,78.6,74.5,94.6,2025,71.56,66.0,48.71858887381275,49.796472184531886,74.5,63.17250610583445
139.0,129,chalmers university of technology,SE,sweden,M,26.3,50.4,50.5,77.4,100.0,63.1,77.0,31.7,87.0,53.7,223.0,chalmers university of technology,sweden,10083.0,11.1,17,33 : 67,57.52049999999999,41.7,46.0,74.0,94.6,78.6,2025,62.8,58.5,58.99557666214383,84.93894165535957,94.6,65.59345183175034
141.0,122,lancaster university,UK,united kingdom,L,38.9,36.7,27.7,69.6,93.3,92.3,89.7,28.8,96.2,53.6,170.0,lancaster university,united kingdom,15280.0,13.8,36,51 : 49,60.70499999999999,41.6,40.8,89.1,66.4,96.2,2025,69.78,64.65,57.47017639077341,81.27544097693352,66.4,64.1950617367707
141.0,126,leiden university,NL,netherlands,XL,68.4,32.9,21.3,54.5,85.0,51.7,95.2,48.8,25.5,53.6,74.0,leiden university,netherlands,34614.0,18.4,22,60 : 40,70.68349999999998,46.8,62.8,93.8,98.7,87.7,2025,81.39999999999999,53.5,58.09356852103121,75.03392130257802,98.7,71.65274898236092
141.0,145,rice university,US,united states,M,39.1,27.3,62.5,87.9,77.5,94.1,62.2,29.5,20.6,53.6,113.0,rice university,united states,7994.0,10.5,30,43 : 57,65.43350000000001,55.1,46.1,88.4,72.5,85.2,2025,71.48,53.75,67.36122116689282,85.75305291723203,72.5,67.53192740841249
144.0,143,aarhus university,DK,denmark,L,54.7,27.6,30.8,63.8,89.8,11.9,96.1,69.5,76.4,53.3,111.0,aarhus university,denmark,25966.0,12.8,15,56 : 44,65.498,44.2,59.4,84.3,99.7,79.4,2025,74.34,52.4,59.57291723202171,82.63229308005428,99.7,69.6845210312076
150.0,148,university of bath,UK,united kingdom,L,35.8,67.9,18.3,52.0,94.3,80.0,84.2,35.2,90.4,52.1,259.0,university of bath,united kingdom,15200.0,15.7,30,45 : 55,55.499,37.5,35.5,81.3,66.6,94.5,2025,62.98,62.15,53.97896879240163,78.69742198100407,66.6,60.24813907734057
152.0,136,michigan state university,US,united states,XL,59.5,48.6,11.4,50.3,54.5,12.4,97.5,57.1,96.3,51.9,122.0,michigan state university,united states,44672.0,16.1,10,53 : 47,64.743,54.9,53.5,83.5,70.0,69.1,2025,71.5,32.25,64.2018724559023,78.15468113975577,70.0,62.8331553595658
152.0,176,nagoya university,JP,japan,L,63.2,65.8,84.7,25.4,14.5,19.6,64.8,21.5,75.0,51.9,247.0,nagoya university,japan,15440.0,13.5,12,30 : 70,56.11149999999999,55.0,55.9,54.9,99.7,42.9,2025,55.3,13.25,65.6729986431479,81.68249660786975,99.7,59.28304952510176
154.0,134,texas a&m university,US,united states,XL,61.2,66.0,4.4,64.3,21.9,12.1,92.6,44.4,39.5,51.8,145.0,texas a&m university,united states,66907.0,21.8,8,48 : 52,62.20399999999999,52.7,57.3,74.3,73.2,64.3,2025,67.5,14.95,59.788249660786974,70.42062415196743,73.2,57.77338738127544
155.0,128,university of geneva,CH,switzerland,L,45.5,17.2,40.4,62.4,100.0,97.6,94.2,49.5,42.3,51.6,171.0,university of geneva,switzerland,18261.0,8.1,41,62 : 38,60.5715,43.2,39.0,86.4,84.0,96.5,2025,67.44,70.5,61.52379918588874,89.00949796472185,84.0,68.31232971506105
155.0,151,wageningen university & research,NL,netherlands,L,42.1,23.8,98.6,41.3,59.4,81.2,97.9,21.1,92.3,51.6,67.0,wageningen university & research,netherlands,15976.0,17.4,29,54 : 46,72.7135,56.7,59.3,92.9,99.0,92.8,2025,79.46000000000001,44.2,64.57630936227952,76.39077340569878,99.0,71.89270827679783
158.0,176,erasmus university rotterdam,NL,netherlands,L,37.0,58.2,18.1,63.3,76.0,70.0,85.4,89.3,28.7,51.5,108.0,erasmus university rotterdam,netherlands,31847.0,22.1,25,53 : 47,65.6265,37.2,53.3,96.7,88.7,88.5,2025,79.34,50.5,50.32542740841249,70.01356852103122,88.7,66.26289959294436
159.0,141,université de montréal,CA,canada,XL,55.5,32.8,76.0,19.3,87.6,54.1,84.9,54.2,91.4,51.3,125.0,université de montréal,canada,39359.0,20.2,23,,64.2435,49.3,53.2,79.5,97.8,86.8,2025,68.97999999999999,55.3,58.616635006784264,72.59158751696066,97.8,67.62382225237448
159.0,139,university of groningen,NL,netherlands,XL,52.3,34.4,49.3,41.2,93.2,83.5,94.1,40.0,40.1,51.3,81.0,university of groningen,netherlands,32845.0,29.1,30,54 : 46,69.8115,46.4,57.5,94.8,99.9,93.5,2025,79.88,61.6,52.04624151967435,60.51560379918589,99.9,70.39918453188602
161.0,126,university of bern,CH,switzerland,M,29.7,16.1,45.9,99.3,100.0,38.0,93.8,30.7,52.1,51.2,104.0,university of bern,switzerland,12054.0,17.7,17,59 : 41,65.827,46.1,47.9,92.8,99.1,87.1,2025,74.84,58.5,58.05348710990502,75.98371777476255,99.1,70.15272048846676
162.0,164,hanyang university,KR,south korea,L,43.0,78.0,77.1,28.5,17.4,57.6,63.0,43.3,85.8,51.1,297.0,hanyang university,south korea,19796.0,13.5,24,,53.8255,45.2,41.1,64.8,99.5,68.7,2025,55.31999999999999,20.7,59.7929986431479,81.68249660786975,99.5,58.319549525101756
163.0,230,al-farabi kazakh national university,KZ,kazakhstan,L,54.2,79.6,99.3,1.4,49.0,54.2,64.7,59.6,29.8,51.0,1428.0,al-farabi kazakh national university,kazakhstan,19546.0,4.8,28,53 : 47,26.5885,29.4,11.9,24.2,18.3,86.3,2025,19.28,38.5,55.03484396200814,93.48710990502036,18.3,34.53019538670284
164.0,171,complutense university of madrid,ES,spain,XL,68.1,68.1,28.7,7.9,10.5,34.3,91.8,96.3,88.9,50.9,530.0,complutense university of madrid,spain,59049.0,10.8,12,63 : 37,44.84299999999999,40.6,32.4,58.9,56.5,47.2,2025,48.3,11.25,58.49839891451832,85.3459972862958,56.5,47.54193962008141
165.0,176,university of liverpool,UK,united kingdom,L,46.1,39.4,37.8,36.6,88.3,85.4,97.2,36.3,95.6,50.7,161.0,university of liverpool,united kingdom,25735.0,13.8,30,55 : 45,61.053,40.1,40.7,92.1,65.7,95.5,2025,71.53999999999999,59.15,56.57017639077341,81.27544097693352,65.7,63.56606173677069
167.0,164,kyushu university,JP,japan,L,58.3,66.5,78.4,27.9,18.7,14.1,69.9,15.1,77.6,50.3,307.0,kyushu university,japan,18342.0,7.8,13,29 : 71,53.29499999999999,53.8,47.6,53.3,98.5,49.2,2025,51.019999999999996,15.85,68.04662143826323,89.41655359565807,98.5,58.82581750339212
167.0,162,university of wollongong,AU,australia,L,29.5,24.5,17.0,94.6,91.8,56.3,89.0,18.3,93.9,50.3,229.0,university of wollongong,australia,15249.0,23.1,24,55 : 45,57.221,34.6,37.4,85.4,91.2,92.0,2025,66.2,57.9,48.22268656716418,68.65671641791045,91.2,62.41294029850746
169.0,159,ghent university,BE,belgium,XL,53.2,24.8,78.5,21.5,79.7,21.4,99.5,72.9,98.3,50.1,112.0,ghent university,belgium,38420.0,34.3,11,57 : 43,65.435,47.7,59.5,84.2,99.9,64.7,2025,74.32000000000001,45.35,50.00398914518318,53.45997286295794,99.9,65.30089620081412
171.0,173,university of cape town,ZA,south africa,L,45.2,51.8,13.8,46.8,56.5,19.2,97.3,95.8,95.6,50.0,181.0,university of cape town,south africa,21021.0,13.0,13,55 : 45,59.67199999999999,37.8,45.3,86.6,80.6,82.4,2025,70.08,34.75,55.62436906377205,82.36092265943013,80.6,61.29902917232021
172.0,169,university of reading,UK,united kingdom,L,32.2,41.7,13.1,65.7,86.2,78.6,91.7,47.8,94.0,49.9,209.0,university of reading,united kingdom,15500.0,15.8,31,55 : 45,58.3435,38.6,38.5,86.6,66.6,95.3,2025,67.36,58.6,54.5846947082768,78.56173677069201,66.6,61.460643147896874
173.0,196,hokkaido university,JP,japan,L,59.0,63.3,76.2,26.0,18.7,12.1,77.7,15.5,78.1,49.8,376.0,hokkaido university,japan,17687.0,8.2,10,29 : 71,50.21099999999999,52.6,44.7,47.8,95.9,47.4,2025,46.56,14.35,67.10952510176391,88.87381275440977,95.9,56.321833785617365
174.0,183,curtin university,AU,australia,L,33.1,27.7,15.7,84.7,100.0,24.3,94.2,31.0,90.7,49.3,263.0,curtin university,australia,27870.0,19.6,30,53 : 47,55.226,28.2,34.7,88.9,76.6,94.8,2025,67.22,65.0,46.28227951153325,73.40569877883311,76.6,60.96579782903663
176.0,189,mcmaster university,CA,canada,L,39.5,34.2,63.8,35.6,96.2,56.7,82.6,49.9,91.9,49.0,119.0,mcmaster university,canada,28046.0,29.4,22,57 : 43,65.18199999999999,41.2,50.2,93.0,100.0,87.6,2025,75.88,59.1,48.76341926729987,60.10854816824966,100.0,67.49019674355495
181.0,188,universiti teknologi malaysia,MY,malaysia,L,48.6,59.6,46.0,40.5,14.1,86.9,82.9,18.0,52.1,48.5,423.0,universiti teknologi malaysia,malaysia,18192.0,11.1,31,46 : 54,48.57299999999999,41.1,29.9,65.1,69.5,72.9,2025,51.019999999999996,22.55,58.63557666214383,84.93894165535957,69.5,52.186951831750335
181.0,199,waseda university,JP,japan,XL,60.7,96.1,23.5,3.8,27.9,28.0,66.4,83.7,56.1,48.5,847.0,waseda university,japan,45453.0,14.3,12,39 : 61,37.3685,33.8,27.1,42.7,66.4,54.3,2025,36.46,19.95,52.518805970149245,80.59701492537313,66.4,44.095082089552236
184.0,167,university of york,UK,united kingdom,L,42.9,30.1,43.0,40.1,87.8,75.6,92.5,23.5,97.4,48.2,146.0,university of york,united kingdom,20135.0,15.3,31,57 : 43,62.1455,42.4,44.2,90.6,66.8,92.9,2025,72.03999999999999,59.4,57.13606512890095,79.24016282225239,66.8,64.14162279511532
185.0,184,tecnológico de monterrey,MX,mexico,XL,53.8,91.4,62.5,2.4,20.8,10.6,56.6,96.1,54.4,48.1,745.0,tecnológico de monterrey,mexico,17986.0,16.0,14,43 : 57,39.432,23.3,23.4,61.0,62.5,66.3,2025,45.96,17.4,45.29614654002714,78.29036635006784,62.5,43.924651289009496
186.0,154,cardiff university,UK,united kingdom,L,46.8,43.2,36.1,30.0,82.8,67.7,92.3,18.9,96.0,47.6,204.0,cardiff university,united kingdom,28930.0,14.6,27,59 : 41,58.5635,37.6,38.9,88.3,70.2,91.9,2025,68.53999999999999,54.9,54.635983717774764,80.1899592944369,70.2,61.87659430122116
187.0,184,école normale supérieure de lyon,FR,france,S,29.8,16.3,97.0,93.5,59.0,11.7,70.3,14.0,6.6,47.5,287.0,école normale supérieure de lyon,france,2063.0,8.1,10,47 : 53,54.277,56.7,45.4,53.0,86.3,67.1,2025,49.959999999999994,34.5,69.62379918588874,89.00949796472185,86.3,59.97432971506105
188.0,214,keio university,JP,japan,XL,53.0,91.6,57.2,5.1,9.4,10.2,57.5,91.4,59.0,47.4,744.0,keio university,japan,33718.0,10.0,9,36 : 64,39.4475,37.0,27.5,48.4,75.0,40.5,2025,40.04,9.2,56.772591587516956,86.43147896879239,75.0,46.51440705563093
189.0,203,university of ottawa,CA,canada,XL,26.2,23.3,3.5,81.3,91.7,77.8,93.0,39.8,92.9,47.3,193.0,university of ottawa,canada,40289.0,28.4,28,56 : 44,59.248,37.2,44.7,85.1,81.4,87.0,2025,68.94,59.85,46.90616010854817,61.46540027137043,81.4,61.73365603799186
194.0,187,university of gothenburg,SE,sweden,L,35.4,18.3,60.9,33.6,90.0,78.2,94.2,63.1,92.8,46.7,215.0,university of gothenburg,sweden,21568.0,11.5,13,,57.77499999999999,34.6,43.4,90.2,77.3,64.4,2025,71.47999999999999,51.5,54.518480325644504,84.39620081411127,77.3,63.41946811397557
196.0,166,emory university,US,united states,L,25.2,19.0,93.8,78.4,52.2,33.9,85.6,22.8,37.0,46.6,98.0,emory university,united states,13718.0,4.2,19,61 : 39,66.2875,53.9,46.2,95.3,83.6,67.4,2025,75.66,35.6,70.06048846675712,94.3012211668928,83.6,68.88217096336498
197.0,233,deakin university,AU,australia,XL,31.3,23.9,4.6,73.6,96.4,63.8,82.7,36.8,93.7,46.4,244.0,deakin university,australia,36438.0,33.0,19,60 : 40,56.245000000000005,29.8,36.3,91.5,76.8,85.4,2025,69.42,57.7,39.969552238805974,55.223880597014926,76.8,58.461343283582096
198.0,182,university of calgary,CA,canada,XL,37.9,44.5,18.1,40.3,77.7,66.2,85.2,53.3,93.3,46.3,220.0,university of calgary,canada,34804.0,19.7,26,53 : 47,57.6235,34.4,42.8,83.6,88.9,85.7,2025,67.28,51.85,49.94800542740842,73.27001356852104,88.9,62.142301899592944
200.0,203,king saud university,SA,saudi arabia,XL,39.4,28.7,54.3,40.0,99.4,15.0,95.1,99.0,33.0,46.2,301.0,king saud university,saudi arabia,46570.0,11.5,9,45 : 55,53.735,35.5,29.9,83.3,84.6,82.9,2025,61.94,54.2,55.05848032564451,84.39620081411127,84.6,61.76946811397558
209.0,215,tel aviv university,IL,israel,L,32.0,18.6,4.2,99.4,39.7,7.0,77.9,88.4,46.2,45.2,228.0,tel aviv university,israel,24033.0,22.8,7,58 : 42,57.2725,40.4,49.1,79.5,78.7,54.9,2025,67.34,23.35,51.865508819538675,69.06377204884669,78.7,57.02942808683853
210.0,233,national tsing hua university,TW,taiwan,M,54.8,71.2,28.0,49.6,9.5,11.1,45.0,16.3,32.1,45.1,431.0,national tsing hua university,taiwan,14408.0,21.1,13,41 : 59,48.343,35.1,43.6,59.5,99.8,46.7,2025,53.14,11.25,49.608168249660785,71.37042062415196,99.8,52.619358887381274
211.0,225,indian institute of science,IN,india,S,45.7,26.3,37.9,99.9,3.7,1.5,39.1,13.1,23.7,45.0,291.0,indian institute of science,india,4648.0,9.8,1,26 : 74,54.213,61.4,50.0,51.5,94.5,31.6,2025,50.9,2.35,71.52113975576663,86.70284938941656,94.5,57.37489891451831
214.0,206,university of otago,NZ,new zealand,L,45.0,24.6,12.8,38.8,100.0,37.6,79.5,59.1,96.0,44.4,378.0,university of otago,new zealand,18927.0,20.1,15,61 : 39,50.1355,31.4,34.7,73.9,65.8,80.1,2025,58.220000000000006,57.5,47.9309090909091,72.72727272727273,65.8,55.64781818181819
215.0,228,national cheng kung university (ncku),TW,taiwan,L,51.5,74.0,33.4,20.3,16.3,13.9,58.7,42.4,83.8,44.2,587.0,national cheng kung university (ncku),taiwan,21420.0,15.8,12,37 : 63,43.62799999999999,35.6,38.6,49.4,99.8,41.6,2025,45.08,14.15,52.7846947082768,78.56173677069201,99.8,51.34514314789688
215.0,168,university of florida,US,united states,XL,46.7,42.3,62.9,32.1,17.8,10.3,98.3,44.5,60.6,44.2,130.0,university of florida,united states,47534.0,15.9,10,56 : 44,63.6485,54.4,56.8,79.1,89.9,50.7,2025,70.17999999999999,13.9,64.01042062415198,78.42605156037992,89.9,62.53664721845319
217.0,242,la trobe university,AU,australia,L,23.6,19.8,8.0,77.7,92.6,95.0,78.6,19.6,78.4,44.1,255.0,la trobe university,australia,18475.0,25.5,30,64 : 36,55.5975,29.2,36.2,89.3,77.2,88.1,2025,68.06,61.3,43.68010854816825,65.40027137042063,77.2,59.88403799185888
218.0,169,"university of maryland, college park",US,united states,XL,48.6,29.4,32.5,55.0,20.9,16.2,92.3,41.2,54.4,44.0,114.0,"university of maryland, college park",united states,33914.0,16.9,9,50 : 50,65.387,49.0,57.7,92.1,71.6,49.4,2025,78.34,14.95,60.227679782903664,77.06919945725916,71.6,61.48118792401628
219.0,217,national yang ming chiao tung university,TW,taiwan,L,32.9,62.7,51.1,52.7,19.6,19.2,53.7,58.3,38.8,43.9,424.0,national yang ming chiao tung university,taiwan,17736.0,15.4,8,36 : 64,48.545,42.8,43.2,54.7,99.9,39.8,2025,50.1,13.8,57.32179104477612,79.10447761194031,99.9,54.65262686567164
221.0,207,vrije universiteit amsterdam,NL,netherlands,XL,39.4,17.8,21.3,63.7,67.3,47.4,89.0,45.1,50.8,43.8,137.0,vrije universiteit amsterdam,netherlands,31761.0,17.5,20,57 : 43,62.672,37.4,49.6,92.9,73.0,86.2,2025,75.58000000000001,43.65,52.94203527815468,76.2550881953867,73.0,62.48021234735414
224.0,212,loughborough university,UK,united kingdom,L,29.7,55.3,23.8,32.4,87.1,68.6,87.1,23.2,93.8,43.6,313.0,loughborough university,united kingdom,16420.0,14.3,25,40 : 60,52.841,35.6,33.9,76.2,70.2,91.2,2025,59.28,56.05,53.59880597014925,80.59701492537313,70.2,58.44508208955223
224.0,220,university of lausanne,CH,switzerland,L,28.4,18.8,36.8,61.0,100.0,54.2,79.8,51.8,51.2,43.6,135.0,university of lausanne,switzerland,14512.0,10.1,23,,62.98,41.0,46.0,89.5,99.0,89.8,2025,72.1,61.5,59.11831750339212,86.29579375848031,99.0,70.00141112618724
229.0,211,chulalongkorn university,TH,thailand,XL,68.2,35.9,31.7,7.5,18.7,3.0,79.6,93.6,73.2,43.4,620.0,chulalongkorn university,thailand,35032.0,13.1,4,56 : 44,42.555,36.0,32.4,53.0,81.6,45.0,2025,44.76,11.35,54.490094979647225,82.22523744911805,81.6,48.68003324287652
230.0,256,maastricht university,NL,netherlands,L,23.0,27.8,13.2,62.8,99.4,100.0,80.5,38.2,52.5,43.0,132.0,maastricht university,netherlands,21438.0,19.2,58,60 : 40,63.226,40.3,46.7,88.6,98.3,97.1,2025,71.84,78.7,53.75937584803256,73.9484396200814,98.3,70.5097815468114
233.0,210,university of twente,NL,netherlands,M,20.7,32.0,43.3,61.3,100.0,90.4,87.6,20.0,13.8,42.7,182.0,university of twente,netherlands,8742.0,11.6,41,37 : 63,59.6525,43.6,46.4,74.6,99.3,93.1,2025,63.31999999999999,70.5,59.86420624151967,84.26051560379918,99.3,68.58447218453188
235.0,250,university of waikato,NZ,new zealand,M,19.1,11.7,12.4,84.7,99.0,56.9,55.1,46.4,89.5,42.5,442.0,university of waikato,new zealand,10117.0,19.9,27,62 : 38,47.8765,22.7,30.7,75.8,72.3,88.6,2025,57.76,63.0,42.81945725915875,72.99864314789689,72.3,55.49781004070556
236.0,208,university of aberdeen,UK,united kingdom,L,30.5,28.8,32.7,32.0,94.5,92.6,88.5,22.2,96.5,42.3,250.0,university of aberdeen,united kingdom,13455.0,15.5,40,57 : 43,55.745,34.8,36.0,81.9,79.1,97.4,2025,63.54,67.25,52.46751696065129,78.96879240162822,79.1,62.55513093622794
236.0,224,university of rochester,US,united states,M,22.6,20.8,99.1,33.6,63.9,93.8,64.3,40.4,63.7,42.3,127.0,university of rochester,united states,10470.0,8.3,37,51 : 49,63.9025,50.8,44.5,87.8,91.6,80.1,2025,70.48,50.45,65.97525101763907,88.7381275440977,91.6,69.06683785617368
239.0,239,massey university,NZ,new zealand,M,30.1,14.0,48.0,27.4,98.5,95.2,85.1,49.2,91.4,41.8,560.0,massey university,new zealand,16035.0,15.9,27,65 : 35,44.313,28.4,28.8,59.7,78.7,87.0,2025,47.34,62.75,48.41042062415197,78.42605156037992,78.7,54.73014721845318
241.0,246,technical university of darmstadt,DE,germany,L,20.0,35.9,6.7,70.0,60.3,81.4,65.9,44.4,71.8,41.7,264.0,technical university of darmstadt,germany,14153.0,33.1,24,33 : 67,55.1725,42.7,48.0,65.0,99.9,68.8,2025,58.2,42.15,47.65527815468114,55.08819538670286,99.9,58.3568473541384
243.0,237,dartmouth college,US,united states,M,22.8,31.0,65.8,60.6,9.2,40.9,42.5,68.8,71.2,41.3,169.0,dartmouth college,united states,6691.0,8.0,17,48 : 52,60.7155,56.8,39.4,83.2,75.9,60.5,2025,65.68,13.1,69.73807327001356,89.14518317503392,75.9,60.74632564450474
244.0,241,victoria university of wellington,NZ,new zealand,L,42.8,21.4,10.1,32.1,100.0,31.0,70.7,71.6,91.4,41.2,485.0,victoria university of wellington,new zealand,16703.0,17.7,17,59 : 41,46.50299999999999,26.3,32.4,70.6,54.4,79.9,2025,55.31999999999999,58.5,46.173487109905025,75.98371777476255,54.4,52.45772048846675
246.0,248,charles university,CZ,czech republic,XL,45.6,49.1,32.2,8.0,25.0,50.5,96.3,65.5,77.4,41.0,465.0,charles university,czech republic,52669.0,13.0,24,62 : 38,47.2035,37.0,33.0,64.5,61.4,65.5,2025,51.9,24.5,55.14436906377205,82.36092265943013,61.4,50.350529172320215
246.0,218,university of sussex,UK,united kingdom,L,22.6,10.4,15.5,56.8,99.6,84.9,84.7,39.9,97.7,41.0,240.0,university of sussex,united kingdom,18250.0,17.5,34,55 : 45,56.3715,31.8,36.0,89.6,62.7,95.5,2025,68.16,66.8,49.58203527815468,76.2550881953867,62.7,60.63471234735414
248.0,261,vanderbilt university,US,united states,L,24.4,21.8,100.0,53.0,30.1,36.0,78.6,34.7,24.5,40.8,91.0,vanderbilt university,united states,12863.0,3.8,18,55 : 45,67.26599999999999,53.3,49.0,95.9,95.0,63.5,2025,77.14,24.05,69.91758480325645,94.84396200814112,95.0,69.32765468113976
249.0,280,university of navarra,ES,spain,L,30.6,68.0,49.6,14.7,24.8,73.8,63.6,75.8,42.3,40.7,269.0,university of navarra,spain,12424.0,14.7,29,54 : 46,54.8635,37.2,32.3,84.5,87.0,75.9,2025,63.62,26.9,54.341709633649934,80.05427408412483,87.0,58.371598371777466
252.0,232,university of göttingen,DE,germany,L,46.4,27.1,76.4,16.2,49.7,22.4,95.1,40.3,32.1,40.3,121.0,university of göttingen,germany,21729.0,25.2,14,54 : 46,64.7495,49.2,54.0,88.2,70.7,70.5,2025,74.52000000000001,31.85,55.842930800542746,65.80732700135685,70.7,61.00952578018996
255.0,243,griffith university,AU,australia,L,27.0,13.7,8.4,62.5,99.8,38.5,92.1,17.9,96.4,40.1,309.0,griffith university,australia,30328.0,26.3,17,60 : 40,53.13,28.5,36.1,83.1,78.4,82.5,2025,64.3,58.4,42.825915875169606,64.31478968792402,78.4,58.014070556309356
256.0,281,bandung institute of technology (itb),ID,indonesia,L,43.2,72.7,55.8,2.6,94.4,3.8,26.3,49.2,37.6,39.9,1490.0,bandung institute of technology (itb),indonesia,28650.0,16.3,4,44 : 56,25.3705,22.6,17.5,30.3,39.4,39.5,2025,25.18,49.2,44.71332428765265,77.88331071913161,39.4,37.75266350067842
256.0,235,heriot-watt university,UK,united kingdom,M,17.8,27.1,17.6,65.2,100.0,98.1,75.4,26.3,25.7,39.9,402.0,heriot-watt university,united kingdom,10140.0,18.8,43,38 : 62,49.2325,34.7,33.9,62.3,83.0,95.4,2025,50.94,71.5,50.61647218453189,74.49118046132972,83.0,58.71976526458616
258.0,262,university of warsaw,PL,poland,XL,50.0,53.6,46.4,5.5,10.5,8.4,84.1,60.0,69.8,39.8,704.0,university of warsaw,poland,33322.0,10.7,10,61 : 39,40.4235,34.8,31.6,53.6,36.4,46.1,2025,44.8,10.25,55.07267299864316,85.48168249660787,36.4,41.9529355495251
259.0,255,case western reserve university,US,united states,M,17.2,15.4,82.3,61.6,35.7,71.7,55.6,29.3,53.1,39.7,159.0,case western reserve university,united states,11334.0,9.1,27,51 : 49,61.14999999999999,51.1,40.3,88.6,70.9,66.3,2025,69.28,31.35,65.72105834464044,87.6526458616011,70.9,62.58787042062415
260.0,266,university of lisbon,PT,portugal,XL,44.0,20.7,10.7,36.5,9.0,39.4,98.2,94.0,70.9,39.6,448.0,university of lisbon,portugal,49161.0,17.7,20,54 : 46,47.728,30.4,39.6,66.4,71.4,60.0,2025,55.68000000000001,14.5,48.63348710990502,75.98371777476255,71.4,49.39472048846675
261.0,290,united arab emirates university,AE,united arab emirates,M,30.1,38.3,49.8,16.6,100.0,34.2,86.2,82.0,36.6,39.4,252.0,united arab emirates university,united arab emirates,9024.0,13.9,18,73 : 27,55.732,28.4,37.3,88.9,81.3,88.2,2025,68.26,59.0,49.49590230664858,81.13975576662145,81.3,62.25956580732701
264.0,292,norwegian university of science and technology,NO,norway,XL,33.2,25.2,22.3,30.4,75.1,9.3,94.4,89.4,85.8,39.1,327.0,norwegian university of science and technology,norway,37923.0,14.8,9,50 : 50,52.295,35.3,39.3,75.4,72.3,66.3,2025,60.96,42.05,53.1474355495251,79.91858887381275,72.3,57.09010244233378
267.0,248,university of antwerp,BE,belgium,L,24.1,11.3,37.5,48.1,94.4,32.0,94.6,44.8,74.8,38.7,168.0,university of antwerp,belgium,16398.0,32.3,18,57 : 43,60.731,38.1,44.6,89.9,98.5,75.3,2025,71.78,56.2,45.329470827679785,56.17367706919947,98.5,64.19331478968792
273.0,292,university college cork,IE,ireland,L,30.1,35.1,22.1,28.5,89.0,52.1,69.1,34.0,91.0,38.3,392.0,university college cork,ireland,19307.0,21.0,20,59 : 41,49.52,27.1,32.3,77.3,74.4,79.9,2025,59.3,54.5,44.86244233378562,71.50610583446404,74.4,55.791854816824966
273.0,289,university of galway,IE,ireland,L,26.2,30.3,63.2,13.2,95.2,43.2,81.3,46.6,85.9,38.3,381.0,university of galway,ireland,16039.0,26.0,18,61 : 39,49.96750000000001,25.6,34.9,76.4,86.8,78.7,2025,59.800000000000004,56.6,41.2487381275441,64.72184531886025,86.8,56.87705834464043
275.0,298,dalhousie university,CA,canada,L,19.4,16.7,12.9,53.5,99.9,74.6,77.4,30.1,87.9,38.2,349.0,dalhousie university,canada,17757.0,14.7,28,53 : 47,51.1085,29.6,32.9,76.9,78.2,88.5,2025,59.3,63.95,49.78170963364994,80.05427408412483,78.2,59.50109837177747
278.0,253,university of porto,PT,portugal,XL,41.3,17.9,10.8,59.6,6.6,19.8,95.1,39.1,53.1,38.1,443.0,university of porto,portugal,37143.0,16.9,19,55 : 45,47.8355,31.3,36.9,69.8,66.4,57.4,2025,56.63999999999999,12.8,49.607679782903666,77.06919945725916,66.4,49.066687924016286
280.0,266,ulsan national institute of science and technology (unist),KR,south korea,S,13.6,13.5,87.9,98.1,29.3,9.6,24.8,3.3,16.1,38.0,218.0,ulsan national institute of science and technology (unist),south korea,3803.0,11.6,9,28 : 72,57.662,48.0,39.8,83.2,97.0,41.6,2025,65.84,19.15,62.50420624151967,84.26051560379918,97.0,62.34297218453188
281.0,276,university of strathclyde,UK,united kingdom,L,25.9,30.0,16.7,31.8,93.0,64.0,85.0,33.6,88.6,37.9,363.0,university of strathclyde,united kingdom,20970.0,16.3,27,51 : 49,50.7455,33.0,35.2,69.0,79.5,92.3,2025,55.480000000000004,60.0,50.95332428765265,77.88331071913161,79.5,58.17666350067842
285.0,336,middle east technical university,TR,turkey,L,31.2,70.2,9.0,22.3,12.0,18.3,74.7,77.5,69.5,37.2,387.0,middle east technical university,turkey,16155.0,21.9,13,48 : 52,49.7405,44.2,44.1,53.4,88.0,58.3,2025,49.68,12.5,54.63397557666214,70.28493894165535,88.0,51.58489145183175
285.0,268,university of cologne,DE,germany,L,35.2,30.4,15.7,29.3,35.9,30.1,90.8,56.8,91.9,37.2,158.0,university of cologne,germany,29832.0,27.7,17,,61.37799999999999,42.9,47.5,86.0,96.5,70.5,2025,70.6,26.45,50.70607869742197,62.415196743554944,96.5,60.89962754409769
285.0,272,university of leicester,UK,united kingdom,L,19.8,13.7,30.8,43.4,80.0,95.3,88.8,22.7,75.0,37.2,194.0,university of leicester,united kingdom,14825.0,14.8,38,52 : 48,59.197,34.9,34.9,96.1,69.7,95.5,2025,71.62,59.0,52.907435549525104,79.91858887381275,69.7,62.88960244233379
285.0,276,university of milan,IT,italy,XL,52.8,17.0,6.4,39.6,6.5,6.8,85.5,44.1,74.8,37.2,326.0,university of milan,italy,51208.0,20.9,7,60 : 40,52.3595,35.4,32.8,86.9,70.8,46.7,2025,65.26,6.75,49.896716417910454,71.64179104477613,70.8,51.937350746268656
285.0,244,university of surrey,UK,united kingdom,L,19.7,17.9,22.8,55.2,97.1,87.1,86.4,20.4,28.4,37.2,233.0,university of surrey,united kingdom,13520.0,14.4,33,54 : 46,56.926,33.8,34.7,89.0,73.3,96.8,2025,67.28,65.05,52.46453188602442,80.46132971506105,73.3,62.66308616010854
291.0,285,swinburne university of technology,AU,australia,L,13.9,11.4,12.4,86.5,94.9,77.3,66.1,13.9,15.4,37.1,261.0,swinburne university of technology,australia,13896.0,25.8,31,43 : 57,55.419,32.7,34.5,91.4,73.5,72.1,2025,68.64,62.95,45.61728629579376,64.9932157394844,73.5,60.457550203527816
291.0,281,university of bergen,NO,norway,L,31.6,8.3,64.9,28.3,93.3,16.9,90.7,63.9,33.6,37.1,278.0,university of bergen,norway,15607.0,13.0,12,59 : 41,54.646,35.2,37.1,82.1,76.7,77.4,2025,64.1,52.65,54.06436906377205,82.36092265943013,76.7,60.760029172320216
293.0,307,university of tasmania,AU,australia,M,16.0,7.4,22.1,59.8,79.9,89.7,80.0,15.9,85.6,37.0,288.0,university of tasmania,australia,14344.0,18.9,29,60 : 40,54.26499999999999,32.0,36.3,81.6,76.7,90.0,2025,63.47999999999999,54.45,48.942198100407055,74.35549525101764,76.7,59.020269335142466
296.0,283,stellenbosch university,ZA,south africa,L,26.1,35.8,3.5,61.9,19.7,8.0,94.8,85.2,22.0,36.7,341.0,stellenbosch university,south africa,24979.0,25.5,7,57 : 43,51.26299999999999,31.2,40.1,74.6,89.5,59.6,2025,60.8,13.35,44.88010854816825,65.40027137042063,89.5,52.41553799185888
298.0,307,swansea university,UK,united kingdom,L,23.1,43.1,25.1,27.9,71.0,59.6,82.3,8.3,91.8,36.5,315.0,swansea university,united kingdom,18360.0,16.7,23,48 : 52,52.788,27.6,30.5,89.1,58.4,89.8,2025,65.66,47.0,47.496227951153315,77.3405698778833,58.4,55.414679782903654
301.0,297,georgetown university,US,united states,L,29.3,41.9,63.0,14.0,28.0,37.3,62.5,90.9,37.0,36.3,214.0,georgetown university,united states,17579.0,9.8,18,55 : 45,57.8055,50.4,34.7,83.7,92.3,54.3,2025,64.1,23.0,64.92113975576662,86.70284938941656,92.3,62.45239891451831
302.0,236,université paris cité,FR,france,XL,27.8,6.2,9.2,87.0,12.0,35.2,99.2,15.2,18.4,35.9,184.0,université paris cité,france,61998.0,17.1,20,66 : 34,59.5735,44.7,37.8,90.7,67.0,73.8,2025,69.54,16.0,57.539131614654,76.79782903663501,67.0,56.9276960651289
304.0,268,linköping university,SE,sweden,L,18.5,26.6,37.9,45.4,81.9,32.6,84.6,42.4,41.0,35.8,238.0,linköping university,sweden,14995.0,14.8,18,54 : 46,56.546,29.8,41.2,88.4,95.3,73.0,2025,69.52,49.95,49.8474355495251,79.91858887381275,95.3,63.56610244233378
306.0,336,aalborg university,DK,denmark,L,19.9,20.8,25.5,53.2,77.3,14.9,92.1,23.3,75.6,35.7,254.0,aalborg university,denmark,16871.0,14.4,13,,55.601,31.7,44.7,80.9,87.6,73.5,2025,66.42,45.15,51.20453188602443,80.46132971506105,87.6,61.08108616010855
307.0,268,"university of california, irvine",US,united states,XL,37.5,22.3,17.3,40.7,43.9,58.7,84.1,11.2,36.0,35.5,90.0,"university of california, irvine",united states,35218.0,15.5,25,54 : 46,67.30799999999999,48.3,53.2,92.9,97.6,78.1,2025,77.02000000000001,34.45,60.56751696065129,78.96879240162822,97.6,67.96313093622796
311.0,274,north carolina state university,US,united states,XL,26.7,25.4,9.8,63.4,55.0,17.0,78.1,21.5,35.7,35.1,289.0,north carolina state university,united states,32151.0,16.4,12,50 : 50,54.2385,44.9,40.7,71.1,79.5,62.4,2025,58.94,33.5,58.039050203527815,77.74762550881954,79.5,57.89266757123473
312.0,304,jagiellonian university,PL,poland,XL,37.8,46.4,65.1,5.5,5.7,15.4,88.6,51.3,35.4,35.0,635.0,jagiellonian university,poland,32989.0,9.2,12,66 : 34,42.2435,41.2,32.3,51.2,51.0,44.3,2025,43.64,8.85,59.726784260515615,87.51696065128901,51.0,45.15587449118046
312.0,306,university of johannesburg,ZA,south africa,L,17.7,17.9,40.3,24.9,96.5,51.4,98.0,63.1,65.6,35.0,420.0,university of johannesburg,south africa,31430.0,26.2,14,56 : 44,48.62349999999999,28.4,36.9,67.6,77.3,82.3,2025,55.31999999999999,55.25,42.82018995929443,64.45047489823608,77.3,54.23156648575304
315.0,315,quaid-i-azam university,PK,pakistan,M,17.3,42.4,3.2,93.6,7.0,1.9,65.0,21.0,3.4,34.8,474.0,quaid-i-azam university,pakistan,10991.0,18.4,2,46 : 54,46.7845,31.6,23.6,84.4,26.9,56.3,2025,60.08,4.5,48.97356852103121,75.03392130257802,26.9,42.87874898236092
316.0,304,university of notre dame,US,united states,L,25.8,25.2,60.8,29.2,22.3,18.4,70.1,60.2,68.9,34.7,198.0,university of notre dame,united states,12860.0,10.9,13,47 : 53,58.871500000000005,53.2,45.1,72.4,73.9,72.3,2025,61.480000000000004,17.65,66.0041248303935,85.21031207598372,73.9,58.351943690637725
319.0,318,simon fraser university,CA,canada,L,24.0,11.4,6.2,36.6,97.0,83.9,76.8,22.8,89.8,34.6,304.0,simon fraser university,canada,27262.0,30.5,31,54 : 46,53.567,28.6,35.5,81.8,84.5,92.2,2025,63.28,64.0,40.60640434192673,58.61601085481682,84.5,58.63524151967435
320.0,264,university of colorado boulder,US,united states,XL,36.1,17.5,38.3,34.9,32.2,4.9,86.3,31.6,62.8,34.4,143.0,university of colorado boulder,united states,36067.0,16.7,9,46 : 54,62.2535,47.0,52.6,86.6,73.3,56.3,2025,73.0,20.6,59.136227951153316,77.3405698778833,73.3,60.33267978290366
321.0,347,national technical university of athens,GR,greece,L,21.3,44.9,4.6,76.0,1.3,4.6,72.7,39.6,5.0,34.2,858.0,national technical university of athens,greece,13478.0,20.0,5,34 : 66,37.11450000000001,30.3,23.5,55.1,54.4,35.4,2025,42.46,3.15,47.32518317503393,72.86295793758481,54.4,40.057314111261874
324.0,278,university of miami,US,united states,L,19.0,29.5,50.0,39.3,66.7,16.9,81.6,43.8,27.9,34.1,232.0,university of miami,united states,18354.0,10.8,13,54 : 46,57.0055,46.5,34.8,83.6,79.9,65.6,2025,64.08,39.85,62.03839891451832,85.3459972862958,79.9,62.103939620081405
326.0,307,daegu gyeongbuk institute of science and technology (dgist),KR,south korea,S,10.5,11.8,84.1,99.9,6.6,3.3,12.3,2.7,3.1,34.0,354.0,daegu gyeongbuk institute of science and technology (dgist),south korea,892.0,7.6,4,37 : 63,51.01950000000001,48.0,38.5,66.4,88.3,29.9,2025,55.24,5.3,64.6751696065129,89.68792401628224,88.3,56.01030936227951
326.0,404,istanbul technical university,TR,turkey,L,27.0,67.2,9.7,17.0,8.3,19.8,76.1,69.1,70.3,34.0,565.0,istanbul technical university,turkey,19081.0,19.4,13,43 : 57,44.239,36.0,40.1,50.2,91.5,43.6,2025,46.160000000000004,10.65,51.070827679782894,73.67706919945725,91.5,49.35328968792401
328.0,332,kyung hee university,KR,south korea,L,23.2,37.1,82.1,15.1,14.3,53.4,54.5,13.8,80.5,33.8,285.0,kyung hee university,south korea,20451.0,17.6,30,54 : 46,54.3445,40.2,39.8,71.8,99.9,72.1,2025,59.0,22.15,54.567761194029856,76.11940298507463,99.9,58.05621641791044
328.0,407,university of delhi,IN,india,L,38.1,35.3,4.3,25.9,1.3,1.5,75.1,96.0,70.6,33.8,864.0,university of delhi,india,25926.0,21.0,2,47 : 53,37.002,41.2,27.5,43.2,53.2,23.8,2025,36.92,1.65,53.32244233378562,71.50610583446404,53.2,39.812354816824964
332.0,364,american university of sharjah,AE,united arab emirates,M,20.9,38.6,19.1,23.9,100.0,100.0,48.1,48.0,16.5,33.6,626.0,american university of sharjah,united arab emirates,5024.0,12.8,74,54 : 46,42.4445,23.9,24.0,65.5,54.6,88.0,2025,48.9,87.0,47.39291723202171,82.63229308005428,54.6,54.94252103120759
334.0,294,université grenoble alpes,FR,france,XL,44.7,14.3,7.9,41.7,20.2,35.1,94.9,20.7,21.5,33.5,365.0,université grenoble alpes,france,51333.0,18.5,17,53 : 47,50.63,41.7,37.7,64.5,69.7,70.1,2025,53.78,18.6,54.97929443690638,74.89823609226595,69.7,51.31075305291723
336.0,380,flinders university,AU,australia,L,13.5,5.6,7.2,51.8,97.2,88.8,80.8,7.4,87.4,33.3,331.0,flinders university,australia,15324.0,31.1,33,65 : 35,51.9975,27.2,37.3,78.9,71.6,88.3,2025,62.260000000000005,65.1,39.44075983717775,57.80189959294437,71.6,56.100265943012204
336.0,351,lappeenranta-lahti university of technology lut,FI,finland,M,6.4,9.4,9.5,97.6,56.8,28.5,55.6,7.9,55.8,33.3,286.0,lappeenranta-lahti university of technology lut,finland,5851.0,34.0,22,35 : 65,54.321,31.7,35.6,87.2,80.7,70.1,2025,66.56,39.4,40.56681139755767,53.86702849389417,80.7,55.50938398914518
336.0,404,university of the philippines,PH,philippines,XL,36.3,65.3,31.1,1.9,1.6,1.1,60.9,65.6,67.7,33.3,1419.0,university of the philippines,philippines,54781.0,11.1,0,60 : 40,26.783,25.3,16.9,35.0,26.9,37.9,2025,27.759999999999998,0.8,49.15557666214383,84.93894165535957,26.9,31.075451831750343
340.0,345,university of saskatchewan,CA,canada,L,11.1,5.3,18.2,57.0,77.3,49.5,82.3,32.1,90.7,33.2,374.0,university of saskatchewan,canada,18056.0,18.4,22,55 : 45,50.2495,39.2,34.0,63.9,94.2,78.5,2025,51.94,49.65,53.53356852103121,75.03392130257802,94.2,58.493248982360925
340.0,326,university of south australia,AU,australia,L,21.3,12.7,24.9,31.9,99.8,50.9,85.5,15.5,83.6,33.2,340.0,university of south australia,australia,21490.0,27.6,18,60 : 40,51.37599999999999,22.4,36.0,80.6,96.2,84.0,2025,62.75999999999999,58.9,38.46035278154682,62.550881953867034,96.2,58.69212347354138
344.0,379,tufts university,US,united states,L,16.9,7.7,53.5,45.7,23.5,38.1,60.2,56.1,81.0,32.9,179.0,tufts university,united states,12647.0,11.0,17,58 : 42,59.854,50.7,36.3,89.1,72.7,63.1,2025,67.97999999999999,20.25,64.44985074626865,85.07462686567165,72.7,60.29294776119402
344.0,313,university of oulu,FI,finland,M,15.1,13.5,25.3,59.4,65.3,8.6,89.4,21.7,68.6,32.9,284.0,university of oulu,finland,10857.0,20.7,8,55 : 45,54.36749999999999,34.3,38.9,84.7,69.7,63.6,2025,66.38,36.65,49.345264586160106,71.91316146540026,69.7,56.45634260515604
347.0,371,tilburg university,NL,netherlands,L,14.7,32.5,10.5,55.1,98.4,60.6,56.8,14.3,15.2,32.8,302.0,tilburg university,netherlands,12738.0,24.5,23,52 : 48,53.64849999999999,28.2,43.8,76.6,80.5,85.7,2025,63.47999999999999,60.7,43.62284938941656,66.75712347354138,80.5,58.66599728629579
350.0,371,cairo university,EG,egypt,XL,45.8,41.0,8.8,3.0,2.9,7.2,86.4,95.5,47.2,32.5,877.0,cairo university,egypt,172478.0,25.9,6,60 : 40,36.866,26.9,19.7,59.9,42.5,47.3,2025,43.82,4.45,42.08301221166893,64.85753052917232,42.5,37.10855427408413
350.0,319,sciences po,FR,france,L,16.8,34.8,81.1,2.8,52.7,97.2,31.4,97.7,7.2,32.5,641.0,sciences po,france,13078.0,44.3,36,63 : 37,41.996,28.3,26.5,62.7,18.5,85.5,2025,48.22,44.35,32.936580732700136,39.891451831750345,18.5,37.832303256445044
352.0,328,"city, university of london",UK,united kingdom,L,20.8,21.3,5.6,31.2,95.8,98.9,66.4,54.8,23.2,32.4,394.0,"city, university of london",united kingdom,16415.0,18.7,46,58 : 42,49.5005,27.8,30.3,76.8,58.5,95.1,2025,58.2,70.9,46.53074626865671,74.62686567164178,58.5,56.06576119402985
354.0,323,university of pretoria,ZA,south africa,XL,23.9,48.8,4.0,15.5,33.3,8.2,98.1,80.1,79.6,32.2,610.0,university of pretoria,south africa,35826.0,20.3,6,60 : 40,42.8495,29.8,34.3,56.4,64.1,61.7,2025,47.559999999999995,19.65,46.862360922659434,72.45590230664858,64.1,45.6103263229308
355.0,351,university of coimbra,PT,portugal,L,29.4,10.8,10.3,49.8,8.1,22.9,91.2,31.1,75.8,32.1,484.0,university of coimbra,portugal,22687.0,19.9,18,57 : 43,46.5485,30.8,40.3,61.4,80.2,55.3,2025,52.959999999999994,13.05,47.67945725915875,72.99864314789689,80.2,49.21131004070556
355.0,381,university of luxembourg,LU,luxembourg,M,9.2,4.5,80.8,25.2,100.0,100.0,70.1,52.8,3.1,32.1,241.0,university of luxembourg,luxembourg,5860.0,22.1,52,54 : 46,56.3535,39.2,39.5,77.1,81.3,92.7,2025,62.06,76.0,51.52542740841248,70.01356852103122,81.3,63.34989959294437
358.0,358,university of tartu,EE,estonia,M,22.9,10.5,93.7,10.8,48.6,15.1,88.8,85.7,18.0,32.0,322.0,university of tartu,estonia,9449.0,8.6,13,67 : 33,52.518,35.0,32.4,85.4,64.3,61.4,2025,64.2,30.8,56.332428765264595,88.33107191316148,64.3,56.45135006784261
359.0,328,gwangju institute of science and technology (gist),KR,south korea,S,13.8,9.0,38.6,100.0,18.6,8.8,27.0,2.2,9.9,31.9,422.0,gwangju institute of science and technology (gist),south korea,1838.0,9.8,9,27 : 73,48.5855,48.2,39.4,51.7,99.7,45.9,2025,46.78,13.8,63.601139755766624,86.70284938941656,99.7,55.658398914518315
359.0,344,university of aveiro,PT,portugal,L,13.9,5.6,11.1,90.6,4.2,15.3,89.0,2.7,57.7,31.9,743.0,university of aveiro,portugal,13711.0,16.1,11,54 : 46,39.4945,29.2,30.1,54.9,52.6,47.7,2025,44.98,7.6,48.7818724559023,78.15468113975577,52.6,41.8466553595658
362.0,454,sultan qaboos university,OM,oman,M,18.6,17.1,55.6,21.9,100.0,3.2,78.8,51.5,55.4,31.7,680.0,sultan qaboos university,oman,6937.0,8.3,4,50 : 50,41.0865,29.4,20.4,64.7,39.0,73.7,2025,46.980000000000004,52.0,53.13525101763908,88.7381275440977,39.0,48.69033785617368
362.0,353,york university,CA,canada,XL,22.7,18.6,3.9,22.6,53.1,78.7,65.5,76.3,86.5,31.7,416.0,york university,canada,42331.0,27.8,28,55 : 45,48.7925,28.0,32.5,73.5,71.0,82.9,2025,57.1,40.55,41.711804613297154,62.27951153324288,71.0,51.31663161465399
368.0,382,mahidol university,TH,thailand,L,44.1,21.8,81.1,4.7,4.9,4.2,57.2,9.8,57.7,31.4,782.0,mahidol university,thailand,28570.0,7.5,5,63 : 37,38.58,38.2,23.2,48.2,61.2,49.0,2025,38.2,4.95,58.84944369063772,89.8236092265943,61.2,43.889805291723206
371.0,340,george washington university,US,united states,L,25.2,28.8,27.3,27.5,24.6,34.4,79.5,74.5,27.3,31.3,210.0,george washington university,united states,21768.0,12.3,17,61 : 39,58.2405,48.6,35.1,86.3,67.8,68.3,2025,65.82,20.8,62.48428765264586,83.31071913161466,67.8,58.19650067842604
371.0,364,university of turin,IT,italy,XL,41.5,7.2,3.2,33.3,4.1,5.3,87.5,51.7,83.6,31.3,462.0,university of turin,italy,61291.0,27.0,6,62 : 38,47.2475,24.2,31.7,82.2,73.7,44.1,2025,62.0,5.05,39.865997286295794,63.36499321573948,73.7,47.46559905020352
375.0,358,university of florence,IT,italy,XL,34.6,8.4,4.4,46.6,7.3,12.3,88.5,30.3,74.5,31.2,364.0,university of florence,italy,40415.0,22.4,11,57 : 43,50.71799999999999,36.9,35.8,75.6,75.7,49.9,2025,59.67999999999999,9.15,49.98260515603799,69.60651289009499,75.7,51.10941180461329
375.0,315,university of turku,FI,finland,L,27.8,12.1,52.3,29.3,33.2,4.4,86.3,39.9,52.5,31.2,350.0,university of turku,finland,13835.0,15.8,6,64 : 36,51.0545,31.7,35.6,82.6,65.6,53.0,2025,63.8,19.6,50.4446947082768,78.56173677069201,65.6,52.765643147896874
377.0,355,university of tsukuba,JP,japan,L,36.6,22.5,54.7,17.3,12.4,19.3,66.9,9.8,63.4,31.1,399.0,university of tsukuba,japan,15383.0,12.2,16,38 : 62,49.35850000000001,50.5,43.8,49.6,77.1,50.6,2025,47.28,14.2,63.67856173677069,83.44640434192672,77.1,52.53049660786974
380.0,336,university of kent,UK,united kingdom,L,15.4,10.0,14.6,45.7,95.1,49.8,78.8,34.0,40.4,30.8,377.0,university of kent,united kingdom,15875.0,17.0,28,54 : 46,50.2045,30.6,28.6,77.8,62.9,93.7,2025,58.120000000000005,61.55,49.13340569877883,76.93351424694708,62.9,56.20619199457259
382.0,349,university of pisa,IT,italy,L,40.4,15.1,8.6,38.8,5.9,4.2,88.3,15.0,56.7,30.7,386.0,university of pisa,italy,30876.0,19.0,7,52 : 48,49.752500000000005,36.1,32.5,79.3,66.2,43.2,2025,60.58,6.45,51.34792401628223,74.21981004070557,66.2,50.07227340569878
383.0,427,anna university,IN,india,L,10.0,12.0,5.5,100.0,,1.3,89.2,5.9,24.7,30.6,488.0,anna university,india,11855.0,12.8,1,42 : 58,46.3655,36.9,28.7,76.7,65.8,20.2,2025,57.5,,55.19291723202171,82.63229308005428,65.8,
384.0,375,western sydney university,AU,australia,XL,19.9,14.2,4.8,31.0,100.0,45.5,87.4,8.9,89.2,30.5,335.0,western sydney university,australia,33215.0,34.8,22,59 : 41,51.773500000000006,24.8,31.5,88.3,56.0,87.9,2025,65.58,61.0,35.99261872455902,52.78154681139756,56.0,53.10041655359565
387.0,387,belarusian state university,BY,belarus,L,28.4,40.7,93.0,1.3,3.8,59.3,36.4,38.2,1.0,30.3,1732.0,belarusian state university,belarus,23445.0,7.9,22,58 : 42,21.3175,25.2,11.5,12.2,44.9,67.9,2025,11.92,12.9,50.8323473541384,89.280868385346,44.9,30.633321573948436
389.0,302,virginia polytechnic institute and state university,US,united states,XL,26.4,26.2,18.9,28.4,71.8,16.5,82.6,24.0,34.8,30.1,253.0,virginia polytechnic institute and state university,united states,37225.0,18.5,13,43 : 57,55.704,40.7,40.6,79.7,77.9,65.3,2025,64.06,42.4,54.37929443690638,74.89823609226595,77.9,59.49875305291723
392.0,387,national taiwan university of science and technology (taiwan tech),TW,taiwan,M,27.6,37.9,43.5,29.4,19.7,25.5,29.8,19.9,38.8,30.0,436.0,national taiwan university of science and technology (taiwan tech),taiwan,9123.0,18.6,18,30 : 70,48.0855,33.9,38.0,63.9,95.0,54.6,2025,53.54,18.85,50.24502035278155,74.76255088195387,95.0,53.40225712347354
393.0,444,national and kapodistrian university of athens,GR,greece,XL,26.7,33.2,2.1,31.0,9.9,15.9,86.6,85.8,29.3,29.9,533.0,national and kapodistrian university of athens,greece,67550.0,32.0,12,60 : 40,44.774,22.2,24.4,78.0,89.1,55.8,2025,56.559999999999995,10.95,35.952293080054275,56.580732700135684,89.1,47.38680257801899
393.0,332,"university of california, santa cruz",US,united states,L,17.7,5.9,7.4,65.3,53.4,7.0,64.5,6.1,83.6,29.9,197.0,"university of california, santa cruz",united states,19782.0,24.1,10,46 : 54,58.885,35.3,41.7,93.2,71.9,73.9,2025,72.60000000000001,31.7,48.09994572591587,67.29986431478969,71.9,57.78498100407056
396.0,436,sejong university,KR,south korea,L,10.8,16.1,11.9,76.9,23.8,31.2,64.1,1.8,45.9,29.7,242.0,sejong university,south korea,12718.0,20.3,15,49 : 51,56.28750000000001,31.8,34.9,94.3,83.2,68.9,2025,70.53999999999999,19.4,48.06236092265944,72.45590230664858,83.2,56.9008263229308
396.0,410,university of southern queensland,AU,australia,M,8.8,5.7,4.8,73.1,84.1,23.0,81.0,8.6,43.0,29.7,369.0,university of southern queensland,australia,10808.0,24.6,15,63 : 37,50.5265,27.8,27.5,87.8,48.2,81.1,2025,63.68,49.55,43.32857530529172,66.62143826322931,48.2,52.11550135685209
401.0,431,koç university,TR,turkey,M,24.3,54.6,19.1,32.4,24.7,13.0,51.6,6.8,34.8,29.6,373.0,koç university,turkey,6847.0,21.0,11,49 : 51,50.411,32.0,41.3,70.1,89.6,58.4,2025,58.58,17.85,47.80244233378562,71.50610583446404,89.6,53.35135481682496
403.0,421,university of canberra,AU,australia,M,14.3,7.7,2.4,51.2,79.6,69.4,63.1,5.6,70.9,29.5,467.0,university of canberra,australia,11230.0,31.5,28,57 : 43,47.1515,23.1,31.4,74.5,52.9,90.2,2025,57.26,53.8,36.76366350067843,57.25915875169607,52.9,48.91328222523745
405.0,481,satbayev university,KZ,kazakhstan,M,27.8,43.4,88.1,1.2,66.7,16.9,15.0,23.6,3.8,29.3,1725.0,satbayev university,kazakhstan,8800.0,13.4,14,52 : 48,21.4705,22.7,13.9,12.6,29.7,77.0,2025,13.120000000000001,40.35,46.34727272727273,81.81818181818183,29.7,31.321045454545455
408.0,374,"birkbeck, university of london",UK,united kingdom,M,10.0,3.6,15.6,57.1,97.7,99.5,55.5,8.8,7.7,29.1,325.0,"birkbeck, university of london",united kingdom,7625.0,15.1,41,57 : 43,52.3685,34.7,32.2,77.8,64.6,91.6,2025,59.56,69.35,52.62461329715061,79.51153324287652,64.6,59.35711465400271
408.0,400,masaryk university,CZ,czech republic,XL,23.5,31.7,9.5,13.8,27.6,66.7,80.2,36.0,79.1,29.1,723.0,masaryk university,czech republic,33136.0,18.2,24,62 : 38,39.878,26.2,32.4,52.9,45.7,67.4,2025,44.7,25.8,45.84211668928087,75.30529172320217,45.7,42.4147408412483
413.0,421,graz university of technology,AT,austria,M,14.7,15.7,98.9,11.1,81.8,59.7,59.9,11.9,2.8,28.8,615.0,graz university of technology,austria,6627.0,8.3,25,26 : 74,42.643,39.9,21.3,49.4,93.7,81.7,2025,38.16,53.4,59.435251017639075,88.7381275440977,93.7,56.22333785617367
415.0,387,concordia university,CA,canada,XL,15.8,11.4,3.3,17.5,87.4,92.3,73.8,43.6,89.8,28.7,537.0,concordia university,canada,36586.0,34.2,33,50 : 50,44.707,23.9,30.6,65.2,66.5,87.5,2025,51.36,60.2,35.778263229308,53.595658073270016,66.5,49.5033921302578
416.0,413,oxford brookes university,UK,united kingdom,L,30.7,37.6,13.7,7.0,67.5,67.4,68.4,20.5,13.2,28.6,796.0,oxford brookes university,united kingdom,13040.0,12.8,27,57 : 43,38.310500000000005,25.8,20.0,56.9,29.8,88.5,2025,42.14,47.25,48.53291723202172,82.63229308005428,29.8,43.293021031207594
418.0,441,university of dundee,UK,united kingdom,L,18.4,13.7,30.8,14.0,91.1,89.4,75.2,7.4,55.4,28.5,320.0,university of dundee,united kingdom,15145.0,19.5,31,64 : 36,52.558,26.2,32.2,84.6,79.9,92.2,2025,63.64,61.05,45.13655359565807,73.54138398914517,79.9,59.21429375848032
420.0,454,czech technical university in prague,CZ,czech republic,L,22.0,42.4,80.6,3.6,19.9,50.2,59.4,15.6,5.8,28.4,1181.0,czech technical university in prague,czech republic,15526.0,8.6,20,30 : 70,30.8425,30.8,18.9,31.3,58.7,60.5,2025,26.34,19.95,53.8124287652646,88.33107191316148,58.7,39.85085006784261
421.0,436,dublin city university,IE,ireland,L,20.1,26.0,25.8,10.7,75.0,22.6,75.4,35.3,82.5,28.3,357.0,dublin city university,ireland,14735.0,28.4,12,58 : 42,50.9585,28.0,37.5,78.6,69.4,72.9,2025,62.16,43.5,41.38616010854817,61.46540027137043,69.4,53.17615603799186
421.0,426,university of limerick,IE,ireland,L,18.3,25.5,15.7,23.0,87.1,30.8,72.5,8.0,76.4,28.3,568.0,university of limerick,ireland,14485.0,27.1,18,51 : 49,44.142,26.2,33.2,60.9,67.0,77.8,2025,49.82,52.55,41.01172320217097,63.22930800542741,67.0,49.72360312075983
423.0,446,aston university,UK,united kingdom,L,12.5,18.5,9.0,34.4,94.2,53.8,79.2,19.6,46.9,28.1,396.0,aston university,united kingdom,13850.0,19.5,30,48 : 52,49.496,20.4,26.5,86.7,64.2,96.2,2025,62.620000000000005,62.1,41.65655359565807,73.54138398914517,64.2,55.44179375848032
423.0,441,université laval,CA,canada,L,19.2,8.1,26.0,23.8,55.8,41.6,80.2,36.4,78.4,28.1,293.0,université laval,canada,30211.0,17.8,17,59 : 41,54.01599999999999,40.5,38.9,70.8,96.0,76.1,2025,58.04,36.4,54.639213025780194,75.84803256445049,96.0,59.29772455902307
425.0,431,national taipei university of technology,TW,taiwan,M,13.9,54.7,24.3,41.6,19.8,20.6,21.3,22.5,31.3,28.0,1060.0,national taipei university of technology,taiwan,9746.0,15.5,11,28 : 72,33.2375,27.2,25.0,37.5,85.9,43.7,2025,32.5,15.4,47.90751696065129,78.96879240162822,85.9,43.33763093622795
426.0,481,leibniz university hannover,DE,germany,L,21.2,32.0,17.9,17.4,46.3,26.9,78.5,14.5,82.1,27.9,370.0,leibniz university hannover,germany,18700.0,37.5,16,44 : 56,50.4815,37.8,42.0,64.6,84.2,58.7,2025,55.56,31.15,42.3272184531886,49.11804613297151,84.2,51.56302645861601
431.0,403,university of granada,ES,spain,XL,44.4,14.1,5.7,26.2,3.1,14.8,96.3,4.9,26.3,27.6,678.0,university of granada,spain,56877.0,14.9,12,60 : 40,41.1525,28.8,26.4,62.2,55.2,55.1,2025,47.88,7.55,49.19316146540027,79.78290366350068,55.2,43.3881065128901
434.0,465,university of sharjah,AE,united arab emirates,L,18.1,17.3,6.0,22.0,100.0,100.0,84.8,11.2,11.8,27.5,333.0,university of sharjah,united arab emirates,12484.0,17.9,49,67 : 33,51.888,22.0,27.1,94.6,44.1,98.6,2025,67.6,74.5,43.48493894165536,75.7123473541384,44.1,56.66972862957937
436.0,431,murdoch university,AU,australia,M,8.0,4.5,5.2,57.3,85.6,73.9,74.9,14.8,11.3,27.2,406.0,murdoch university,australia,13747.0,28.2,40,,49.14549999999999,24.0,28.2,79.8,71.5,94.5,2025,59.16,62.8,39.09470827679783,61.73677069199457,71.5,54.53414789687924
439.0,473,vilnius university,LT,lithuania,L,19.1,23.5,74.7,3.3,12.4,13.6,75.5,83.7,27.1,27.1,1057.0,vilnius university,lithuania,21338.0,8.9,11,63 : 37,33.257,27.2,18.3,48.1,45.9,48.8,2025,36.18,11.7,51.48960651289009,87.92401628222522,45.9,39.32436227951153
445.0,415,james cook university,AU,australia,M,14.4,6.5,17.5,46.9,36.7,16.0,76.0,6.7,88.9,26.7,415.0,james cook university,australia,9165.0,15.6,11,67 : 33,48.832,28.1,31.1,77.0,61.9,79.3,2025,58.64,23.85,48.39324287652646,78.83310719131615,61.9,50.32413500678426
452.0,431,national taiwan normal university,TW,taiwan,M,34.7,20.5,62.9,5.4,14.5,25.2,23.3,17.3,49.8,26.4,595.0,national taiwan normal university,taiwan,10891.0,12.2,14,,43.44049999999999,34.7,31.7,54.9,86.9,54.2,2025,45.62,14.25,54.19856173677069,83.44640434192672,86.9,50.10899660786974
452.0,410,university of kansas,US,united states,L,14.4,12.6,86.7,9.2,60.3,7.2,84.6,28.2,32.4,26.4,358.0,university of kansas,united states,23598.0,9.5,7,54 : 46,50.94599999999999,44.0,29.7,73.0,80.2,56.6,2025,55.68,33.65,61.24396200814111,87.10990502035278,80.2,58.000886702849385
452.0,431,university of stirling,UK,united kingdom,M,11.2,9.4,9.3,30.3,76.9,81.3,61.6,15.8,76.1,26.4,472.0,university of stirling,united kingdom,11400.0,19.3,31,62 : 38,46.8225,23.3,25.6,79.8,42.5,91.8,2025,58.12,53.95,43.50510176390774,73.81275440976934,42.5,50.03628561736771
456.0,486,university of guelph,CA,canada,L,12.8,12.8,5.0,50.1,46.4,14.3,65.2,11.2,82.9,26.3,421.0,university of guelph,canada,22115.0,26.5,11,59 : 41,48.591,33.9,36.3,66.4,80.4,65.7,2025,54.36,28.7,45.95736770691995,64.04341926729987,80.4,51.47607869742199
462.0,436,tampere university,FI,finland,L,21.7,15.4,20.4,33.1,44.5,5.9,84.8,30.8,23.0,26.0,329.0,tampere university,finland,16895.0,19.2,8,53 : 47,52.07750000000001,30.2,38.9,80.4,93.5,53.7,2025,63.800000000000004,26.25,47.69937584803256,73.9484396200814,93.5,56.987281546811396
465.0,476,kobe university,JP,japan,L,28.4,33.2,43.9,11.4,7.0,5.6,55.0,15.0,49.8,25.8,739.0,kobe university,japan,15403.0,10.2,7,35 : 65,39.578,39.4,27.3,45.5,86.2,39.2,2025,38.22,7.0,58.1040434192673,86.16010854816824,86.2,47.69341519674355
466.0,621-630,universitat ramon llull,ES,spain,L,11.0,52.0,8.7,8.1,93.6,43.1,32.6,71.7,20.1,25.7,837.0,universitat ramon llull,spain,16113.0,20.6,23,46 : 54,37.5355,19.8,17.2,65.5,34.1,75.9,2025,46.18,58.3,40.69953867028494,72.04884667571234,34.1,44.267838534599726
466.0,419,washington state university,US,united states,L,23.3,20.0,15.5,33.5,47.1,5.0,77.3,8.6,29.6,25.7,405.0,washington state university,united states,27562.0,18.0,6,55 : 45,49.16299999999999,36.9,33.9,69.1,82.1,59.1,2025,55.019999999999996,26.55,52.37066485753053,75.57666214382633,82.1,53.884232700135684
470.0,400,iowa state university,US,united states,L,20.7,12.0,9.1,47.9,7.5,12.5,77.3,32.9,31.3,25.6,409.0,iowa state university,united states,27342.0,16.9,8,46 : 54,49.1045,39.7,36.1,66.7,88.1,45.2,2025,54.46000000000001,7.75,54.647679782903666,77.06919945725916,88.1,52.56518792401628
471.0,469,ben-gurion university of the negev,IL,israel,L,14.4,14.5,11.1,51.7,64.0,14.3,64.9,16.3,11.8,25.5,601.0,ben-gurion university of the negev,israel,16767.0,20.8,2,52 : 48,43.2665,35.8,31.7,59.9,72.0,35.5,2025,48.62,33.0,50.19099050203528,71.7774762550882,72.0,50.333846675712344
474.0,481,bangor university,UK,united kingdom,M,8.6,5.8,12.1,43.0,40.7,52.3,75.0,8.1,82.9,25.2,491.0,bangor university,united kingdom,8545.0,15.4,26,60 : 40,46.228,28.7,25.7,70.7,61.9,88.3,2025,52.7,33.35,48.861791044776126,79.10447761194031,61.9,49.834126865671635
474.0,472,hiroshima university,JP,japan,L,24.1,12.3,75.9,8.9,13.2,12.9,70.1,6.9,50.8,25.2,675.0,hiroshima university,japan,14775.0,8.1,11,38 : 62,41.211,39.1,30.4,46.4,76.2,51.9,2025,40.0,12.1,59.06379918588874,89.00949796472185,76.2,47.91732971506105
477.0,551,ajman university,AE,united arab emirates,S,17.3,42.2,9.6,3.2,100.0,100.0,48.4,9.8,1.4,25.1,473.0,ajman university,united arab emirates,4535.0,13.7,81,57 : 43,46.78999999999999,25.9,25.2,78.9,18.1,99.3,2025,57.42,90.5,48.104450474898236,81.41112618724559,18.1,53.22355766621439
477.0,502,bilkent university,TR,turkey,M,24.0,52.1,13.3,15.2,61.4,3.7,38.3,19.3,10.6,25.1,718.0,bilkent university,turkey,8503.0,15.3,5,48 : 52,40.067,29.0,26.8,50.1,92.5,66.8,2025,40.78,33.2,49.09606512890095,79.24016282225239,92.5,50.31162279511533
481.0,387,aix-marseille university,FR,france,XL,36.9,6.5,7.9,21.7,17.5,18.2,99.1,15.2,25.5,25.0,408.0,aix-marseille university,france,72381.0,15.5,15,60 : 40,49.11449999999999,43.5,27.5,66.7,63.8,76.6,2025,51.02,16.25,57.68751696065129,78.96879240162822,63.8,50.05513093622795
485.0,505,national sun yat-sen university,TW,taiwan,M,26.5,24.9,32.0,22.1,22.7,10.8,35.6,11.4,48.9,24.8,742.0,national sun yat-sen university,taiwan,8559.0,12.0,10,43 : 57,39.506,32.0,34.6,42.9,88.3,48.4,2025,39.58,16.35,52.68710990502035,83.71777476255087,88.3,47.990988466757116
489.0,446,university of jyväskylä,FI,finland,M,16.2,11.4,87.7,12.1,44.0,2.6,81.2,10.4,16.3,24.5,469.0,university of jyväskylä,finland,10910.0,13.1,4,63 : 37,47.116,29.4,34.2,76.6,47.5,48.6,2025,59.63999999999999,24.0,50.53009497964722,82.22523744911805,47.5,49.28453324287652
495.0,514,duy tan university,VN,vietnam,L,11.9,25.3,3.9,49.0,37.7,1.4,83.5,4.4,29.0,24.4,736.0,duy tan university,vietnam,22050.0,22.3,1,64 : 36,39.642,12.7,14.6,88.7,24.1,54.5,2025,59.06,19.35,35.51687924016283,69.74219810040707,24.1,39.61940773405699
497.0,404,"university of california, riverside",US,united states,L,16.3,9.4,6.6,50.9,47.9,10.4,77.3,3.7,21.3,24.2,276.0,"university of california, riverside",united states,25347.0,19.7,14,52 : 48,54.6765,37.0,34.8,83.9,69.8,76.1,2025,64.26,30.95,51.50800542740842,73.27001356852104,69.8,55.63130189959294
501.0,580,abu dhabi university,AE,united arab emirates,S,15.9,24.6,14.9,16.7,100.0,99.8,27.3,8.3,1.5,24.1,191.0,abu dhabi university,united arab emirates,2344.0,10.7,60,50 : 50,59.251,45.1,39.2,87.4,25.4,97.9,2025,68.12,80.0,61.25267299864315,85.48168249660787,25.4,61.0904355495251
501.0,465,colorado school of mines,US,united states,M,6.8,12.5,15.8,72.0,29.7,7.4,30.9,17.7,18.0,24.1,483.0,colorado school of mines,united states,6868.0,18.3,8,32 : 68,46.582,36.1,35.6,63.5,85.4,41.9,2025,52.34,18.85,51.72784260515604,75.1696065128901,85.4,52.061244911804614
501.0,567,university of huddersfield,UK,united kingdom,L,12.7,12.4,7.5,19.4,63.7,85.6,73.0,1.3,72.3,24.1,552.0,university of huddersfield,united kingdom,13685.0,18.5,28,59 : 41,44.438,26.6,24.7,69.8,44.2,89.6,2025,51.76,45.85,45.919294436906384,74.89823609226595,44.2,47.69525305291723
506.0,498,university of delaware,US,united states,L,9.4,7.9,6.6,53.9,30.0,12.6,66.5,16.9,65.3,24.0,391.0,university of delaware,united states,21379.0,16.4,11,58 : 42,49.52,35.4,34.1,70.8,84.7,60.8,2025,56.12,20.5,52.33905020352782,77.74762550881954,84.7,53.74066757123474
506.0,429,university of trento,IT,italy,L,24.9,10.5,22.0,32.7,29.6,6.1,85.8,4.4,19.0,24.0,342.0,university of trento,italy,14213.0,17.6,9,52 : 48,51.246,33.7,35.1,78.9,70.7,61.7,2025,61.38,19.3,50.66776119402985,76.11940298507463,70.7,52.71671641791045
508.0,530,aristotle university of thessaloniki,GR,greece,XL,28.2,26.1,4.3,15.8,1.7,4.1,90.5,38.3,44.3,23.9,892.0,aristotle university of thessaloniki,greece,48660.0,17.6,5,58 : 42,36.4445,21.3,19.3,64.6,60.6,36.8,2025,46.48,3.35,43.22776119402985,76.11940298507463,60.6,40.990216417910446
508.0,511,soas university of london,UK,united kingdom,M,17.1,9.4,14.8,15.1,100.0,98.7,16.9,22.4,39.1,23.9,429.0,soas university of london,united kingdom,5240.0,15.4,44,64 : 36,48.41,40.6,34.5,63.9,29.2,81.2,2025,52.14,72.0,56.00179104477613,79.10447761194031,29.2,53.02962686567164
511.0,498,ewha womans university,KR,south korea,L,22.1,21.2,76.3,6.9,7.0,24.4,31.3,23.0,34.2,23.8,602.0,ewha womans university,south korea,13916.0,16.4,16,100 : 0,43.229,36.6,36.9,47.9,88.4,51.0,2025,43.5,11.5,53.05905020352782,77.74762550881954,88.4,48.78066757123474
513.0,590,prince mohammad bin fahd university,SA,saudi arabia,S,20.3,23.0,23.1,27.8,100.0,18.8,23.3,2.8,1.2,23.7,273.0,prince mohammad bin fahd university,saudi arabia,2462.0,10.9,17,47 : 53,54.769000000000005,39.1,37.3,79.2,46.0,90.9,2025,62.440000000000005,58.5,57.54412483039349,85.21031207598372,46.0,57.66944369063772
516.0,563,ateneo de manila university,PH,philippines,L,21.4,64.5,24.4,1.8,2.9,2.5,23.0,70.6,15.6,23.6,1094.0,ateneo de manila university,philippines,14282.0,10.2,1,55 : 45,32.5925,30.1,10.8,57.0,24.4,33.4,2025,38.519999999999996,1.95,52.5240434192673,86.16010854816824,24.4,35.81791519674354
516.0,529,edith cowan university,AU,australia,L,8.5,6.8,4.8,49.8,78.5,57.7,64.5,4.7,5.8,23.6,390.0,edith cowan university,australia,17012.0,29.5,26,63 : 37,49.5665,20.9,26.5,87.5,70.9,88.4,2025,63.1,52.25,36.52914518317503,59.972862957937586,70.9,53.342700814111254
516.0,523,university of hull,UK,united kingdom,L,8.9,4.5,14.3,21.5,63.3,81.5,76.9,20.5,68.0,23.6,496.0,university of hull,united kingdom,12625.0,18.3,31,55 : 45,46.065,23.6,24.2,77.4,55.5,88.6,2025,56.120000000000005,47.15,44.22784260515604,75.1696065128901,55.5,50.519244911804606
524.0,611-620,pusan national university,KR,south korea,L,18.7,16.5,43.5,19.5,10.5,13.7,57.7,13.8,65.0,23.4,579.0,pusan national university,south korea,17421.0,17.0,11,53 : 47,43.839,38.7,39.0,47.8,93.0,40.7,2025,44.28,10.75,53.99340569877884,76.93351424694708,93.0,49.95819199457259
527.0,480,missouri university of science and technology,US,united states,M,4.0,6.1,5.7,86.2,35.2,12.8,30.5,4.8,1.7,23.2,490.0,missouri university of science and technology,united states,7163.0,21.3,11,24 : 76,46.299,29.9,29.2,66.2,90.2,73.9,2025,51.4,23.1,46.37962008141113,71.09905020352782,90.2,51.2178670284939
527.0,509,university of bayreuth,DE,germany,M,10.2,15.7,50.3,25.8,54.8,21.2,75.1,9.0,11.3,23.2,339.0,university of bayreuth,germany,7655.0,20.7,15,45 : 55,51.584,38.9,41.2,66.1,81.7,67.5,2025,56.14,34.9,52.105264586160104,71.91316146540026,81.7,55.37584260515603
527.0,571,warsaw university of technology,PL,poland,L,23.3,51.9,42.6,4.7,2.4,10.3,60.6,9.8,1.4,23.2,1430.0,warsaw university of technology,poland,22996.0,10.9,8,32 : 68,26.5815,25.7,17.6,30.8,54.9,32.8,2025,25.520000000000003,5.2,49.50412483039349,85.21031207598372,54.9,35.27344369063772
531.0,571,coventry university,UK,united kingdom,XL,9.7,9.5,16.9,7.1,77.0,99.9,82.6,10.0,64.4,23.1,721.0,coventry university,united kingdom,31065.0,14.9,51,49 : 51,39.94650000000001,21.6,15.3,68.2,39.0,94.9,2025,47.040000000000006,64.0,44.87316146540027,79.78290366350068,39.0,47.6196065128901
531.0,441,university of utah,US,united states,XL,15.7,6.3,50.0,30.5,15.5,10.3,80.5,17.4,24.5,23.1,219.0,university of utah,united states,32540.0,13.1,9,50 : 50,57.64999999999999,44.0,39.0,89.0,88.5,41.6,2025,69.0,12.25,59.29009497964722,82.22523744911805,88.5,60.01403324287652
535.0,465,university of bordeaux,FR,france,XL,31.3,5.5,11.5,17.6,27.1,23.3,92.9,16.7,20.1,22.9,445.0,university of bordeaux,france,50941.0,21.3,15,60 : 40,47.81049999999999,36.8,30.5,68.3,65.8,66.5,2025,53.18,21.05,50.519620081411134,71.09905020352782,65.8,49.32236702849389
535.0,548,university of eastern finland,FI,finland,L,13.8,7.6,43.7,18.4,37.4,5.2,86.4,4.2,78.6,22.9,520.0,university of eastern finland,finland,12420.0,16.8,6,68 : 32,45.23049999999999,28.8,29.8,72.5,66.5,49.1,2025,55.42,21.7,48.1619538670285,77.20488466757124,66.5,49.48368385345998
539.0,481,hitotsubashi university,JP,japan,M,14.4,73.0,30.8,2.1,19.8,20.0,7.5,51.9,1.1,22.8,1234.0,hitotsubashi university,japan,6042.0,14.8,14,33 : 67,29.974,31.0,20.7,29.3,24.9,67.2,2025,25.86,16.9,50.5674355495251,79.91858887381275,24.9,33.01960244233378
539.0,586,sunway university,MY,malaysia,S,13.0,39.2,44.0,10.3,35.9,33.2,51.1,3.9,27.3,22.8,480.0,sunway university,malaysia,4693.0,10.0,18,52 : 48,46.659,23.9,21.2,86.4,32.7,83.1,2025,60.32000000000001,26.95,48.91259158751696,86.43147896879239,32.7,47.17890705563094
539.0,534,university of salamanca,ES,spain,L,26.9,14.6,26.0,6.2,6.9,14.9,80.0,23.4,69.5,22.8,889.0,university of salamanca,spain,25098.0,14.6,16,61 : 39,36.5175,31.4,23.1,48.8,44.2,55.3,2025,38.519999999999996,11.45,50.915983717774765,80.1899592944369,44.2,39.650094301221166
531.0,641-650,university of bradford,UK,united kingdom,M,9.1,7.1,6.8,21.7,68.5,97.6,66.0,34.3,40.7,23.1,555.0,university of bradford,united kingdom,10230.0,20.7,38,56 : 44,44.40549999999999,20.4,22.0,76.1,57.5,91.7,2025,54.459999999999994,53.25,41.00526458616011,71.91316146540026,57.5,50.02534260515603
547.0,530,university of genoa,IT,italy,L,18.8,4.9,12.7,43.7,5.4,9.2,81.2,10.5,39.5,22.6,412.0,university of genoa,italy,20489.0,17.8,8,59 : 41,48.88699999999999,37.3,30.6,74.8,76.3,46.9,2025,57.12,6.7,52.71921302578019,75.84803256445049,76.3,50.89372455902307
547.0,1201-1400,university of iceland,IS,iceland,M,6.8,2.5,99.9,6.7,25.7,10.3,73.5,83.2,5.9,22.6,511.0,university of iceland,iceland,10045.0,17.0,12,68 : 32,45.447,24.5,35.2,68.6,82.1,55.3,2025,55.239999999999995,18.85,45.47340569877883,76.93351424694708,82.1,50.392191994572585
547.0,641-650,university of windsor,CA,canada,L,3.9,3.9,2.2,36.2,88.7,83.8,51.1,25.8,38.5,22.6,545.0,university of windsor,canada,15179.0,35.4,38,,44.585,28.7,30.5,59.7,65.9,89.7,2025,48.02,63.35,38.00697421981005,51.967435549525106,65.9,49.49694097693351
552.0,611-620,al ain university,AE,united arab emirates,S,22.6,15.7,13.4,5.9,100.0,100.0,27.5,5.9,5.2,22.5,460.0,al ain university,united arab emirates,2546.0,12.1,61,52 : 48,47.32,34.9,38.0,59.7,17.3,98.7,2025,51.02,80.5,54.37283582089552,83.5820895522388,17.3,51.55749253731342
554.0,551,hasselt university,BE,belgium,M,5.8,3.3,82.1,15.4,74.2,25.3,69.6,2.4,26.8,22.4,334.0,hasselt university,belgium,5770.0,28.9,15,49 : 51,51.81,33.1,38.2,73.4,88.5,72.1,2025,59.32,44.6,44.17478968792402,60.78697421981004,88.5,56.1881763907734
554.0,691-700,university of dhaka,BD,bangladesh,XL,23.0,45.6,11.2,2.9,1.6,1.0,52.0,93.7,11.8,22.4,1040.0,university of dhaka,bangladesh,194187.0,12.5,3,59 : 41,33.555,20.1,10.3,67.2,21.4,48.3,2025,44.44,2.3,45.275739484396205,83.0393487109905,21.4,34.955508819538665
559.0,498,ulster university,UK,united kingdom,L,8.1,11.3,9.6,11.5,99.8,77.6,73.4,6.8,62.2,22.3,706.0,ulster university,united kingdom,18805.0,18.3,12,57 : 43,40.333,21.7,22.4,63.2,52.7,84.9,2025,46.88,55.9,43.08784260515604,75.1696065128901,52.7,47.778744911804615
559.0,601-610,umm al-qura university,SA,saudi arabia,XL,20.7,12.8,54.7,2.2,100.0,16.0,59.7,6.7,3.1,22.3,475.0,umm al-qura university,saudi arabia,32557.0,12.2,8,54 : 46,46.782,35.2,24.1,75.4,35.1,71.8,2025,54.88,54.0,54.4985617367707,83.44640434192672,35.1,51.64749660786975
564.0,701-710,eötvös loránd university,HU,hungary,L,23.3,22.6,10.7,6.1,5.2,11.0,71.3,60.9,61.9,22.1,897.0,eötvös loránd university,hungary,31750.0,18.4,11,61 : 39,36.395,30.2,21.0,53.5,36.9,51.6,2025,40.5,8.1,48.13356852103121,75.03392130257802,36.9,37.77174898236092
565.0,444,university of connecticut,US,united states,L,14.4,8.1,18.2,29.8,27.4,19.4,88.0,23.3,37.6,22.0,337.0,university of connecticut,united states,28524.0,11.6,11,53 : 47,51.6785,41.1,31.5,76.0,68.6,65.0,2025,58.2,19.2,58.36420624151967,84.26051560379918,68.6,53.967472184531886
567.0,571,chiang mai university,TH,thailand,XL,34.8,17.1,17.3,4.2,4.8,4.2,62.5,19.1,56.1,21.9,1067.0,chiang mai university,thailand,34379.0,13.5,4,61 : 39,33.0935,28.6,19.4,46.5,52.2,39.9,2025,35.66,4.4,49.8329986431479,81.68249660786975,52.2,38.41254952510176
567.0,577,lebanese university,LB,lebanon,XL,29.0,34.4,10.1,2.2,43.8,29.5,43.7,29.9,5.8,21.9,1211.0,lebanese university,lebanon,45248.0,14.6,16,70 : 30,30.4265,38.3,19.2,22.6,21.0,79.2,2025,21.240000000000002,29.9,55.05598371777476,80.1899592944369,21.0,34.338594301221164
570.0,556,"university of chemistry and technology, prague",CZ,czech republic,S,5.6,9.3,98.4,13.5,23.9,78.4,34.9,4.2,3.4,21.8,1254.0,"university of chemistry and technology, prague",czech republic,4505.0,9.5,29,57 : 43,29.6325,36.7,15.1,27.2,54.3,54.6,2025,22.36,26.45,56.863962008141115,87.10990502035278,54.3,39.84088670284939
570.0,601-610,university of szeged,HU,hungary,L,18.5,16.8,37.0,4.8,11.8,41.2,73.1,15.0,61.9,21.8,1090.0,university of szeged,hungary,19881.0,12.3,20,56 : 44,32.653,30.9,18.3,40.2,47.2,57.1,2025,31.44,15.9,51.864287652645864,83.31071913161466,47.2,38.621500678426045
570.0,741-750,university of the punjab,PK,pakistan,XL,15.6,52.2,4.5,11.6,3.2,1.3,62.2,81.4,4.3,21.8,905.0,university of the punjab,pakistan,30994.0,23.7,1,57 : 43,36.2355,27.5,15.1,63.5,26.6,48.4,2025,44.14,2.1,43.6370420624152,67.84260515603799,26.6,35.02696472184532
573.0,461,florida state university,US,united states,XL,25.6,18.1,7.2,24.8,10.0,4.2,71.9,18.4,26.8,21.6,316.0,florida state university,united states,41180.0,25.5,7,58 : 42,52.6805,37.3,40.5,76.3,67.3,58.0,2025,61.97999999999999,8.5,48.54010854816825,65.40027137042063,67.3,50.052037991858874
574.0,556,florida international university,US,united states,XL,15.3,22.5,11.8,12.6,20.3,12.9,86.7,16.6,81.2,21.5,458.0,florida international university,united states,35021.0,21.9,8,58 : 42,47.391,32.1,32.1,74.3,64.5,49.9,2025,57.42,14.15,47.37397557666215,70.28493894165535,64.5,48.47539145183175
574.0,671-680,university of debrecen,HU,hungary,L,17.9,13.9,34.0,3.9,10.6,70.0,76.7,21.4,39.5,21.5,867.0,university of debrecen,hungary,20294.0,12.0,25,55 : 45,36.94199999999999,42.2,19.9,40.9,48.8,60.0,2025,32.5,17.8,58.807109905020354,83.71777476255087,48.8,41.94748846675712
576.0,509,sogang university,KR,south korea,M,17.5,45.5,56.7,5.1,7.1,19.6,13.8,16.0,17.7,21.4,928.0,sogang university,south korea,9747.0,24.1,17,46 : 54,35.8735,29.4,32.1,39.2,73.6,42.5,2025,36.36,12.05,44.559945725915874,67.29986431478969,73.6,41.169481004070555
576.0,651-660,southern cross university,AU,australia,M,4.4,2.8,2.9,46.3,81.1,44.8,44.2,4.8,48.2,21.4,583.0,southern cross university,australia,9414.0,45.4,24,67 : 33,43.7215,22.5,28.1,67.5,63.0,82.2,2025,51.74,52.55,28.859565807327,38.398914518317504,63.0,45.54234803256445
580.0,601-610,jawaharlal nehru university,IN,india,M,31.0,14.4,10.0,28.9,,1.3,47.4,14.7,19.7,21.3,866.0,jawaharlal nehru university,india,9297.0,13.5,1,44 : 56,36.94649999999999,42.8,23.7,47.1,38.5,23.7,2025,37.74,,58.3529986431479,81.68249660786975,38.5,
587.0,567,bond university,AU,australia,S,4.3,4.6,47.8,28.8,70.4,86.6,26.5,8.4,1.0,21.1,468.0,bond university,australia,3561.0,11.1,31,56 : 44,47.14,27.7,21.7,85.5,24.7,80.5,2025,59.98,50.7,50.59557666214383,84.93894165535957,24.7,50.011451831750335
587.0,771-780,shoolini university of biotechnology and management sciences,IN,india,S,10.0,14.9,8.1,55.9,33.3,1.7,44.8,2.0,16.3,21.1,457.0,shoolini university of biotechnology and management sciences,india,3552.0,16.4,1,56 : 44,47.416500000000006,29.9,21.3,87.2,22.6,71.4,2025,60.84,17.15,49.039050203527815,77.74762550881954,22.6,44.420167571234735
587.0,621-630,university of kwazulu-natal,ZA,south africa,XL,12.6,10.2,5.5,24.5,24.5,1.6,93.7,71.2,37.9,21.1,522.0,university of kwazulu-natal,south africa,34156.0,30.9,2,61 : 39,45.1755,32.2,37.1,62.8,46.0,56.5,2025,52.52,13.25,42.54930800542741,58.073270013568525,46.0,42.16175780189959
592.0,721-730,ain shams university,EG,egypt,XL,24.0,32.2,11.3,1.9,23.1,7.5,74.2,56.3,9.8,21.0,1122.0,ain shams university,egypt,169073.0,14.6,7,50 : 50,32.088,26.8,16.4,46.2,39.4,53.2,2025,34.28,15.05,48.15598371777476,80.1899592944369,39.4,37.020094301221164
592.0,595,nottingham trent university,UK,united kingdom,XL,10.6,15.1,10.6,5.1,57.1,74.0,84.6,12.0,64.1,21.0,604.0,nottingham trent university,united kingdom,34740.0,15.1,24,55 : 45,43.15149999999999,19.9,13.9,83.3,37.0,90.4,2025,55.54,40.55,43.74461329715061,79.51153324287652,37.0,46.382114654002706
596.0,600,thammasat university,TH,thailand,L,24.6,19.4,26.6,2.1,9.1,1.7,41.0,84.6,33.6,20.8,1426.0,thammasat university,thailand,29481.0,10.9,2,64 : 36,26.615,27.9,20.0,28.1,32.8,37.9,2025,24.86,5.55,50.82412483039349,85.21031207598372,32.8,32.24194369063772
596.0,661-670,universitas padjadjaran,ID,indonesia,XL,19.0,41.6,41.4,1.4,34.8,2.2,19.6,33.4,21.3,20.8,1522.0,universitas padjadjaran,indonesia,32629.0,9.0,3,62 : 38,24.874,31.0,12.2,25.3,25.4,47.8,2025,20.06,18.9,53.715332428765265,87.78833107191316,25.4,32.466366350067844
596.0,491,university of iowa,US,united states,L,18.4,8.7,41.7,19.1,15.5,3.7,75.6,26.6,20.8,20.8,280.0,university of iowa,united states,28098.0,10.7,5,56 : 44,54.478,46.5,33.2,78.0,91.5,54.3,2025,60.08,10.25,62.09267299864315,85.48168249660787,91.5,58.0229355495251
596.0,621-630,university of ljubljana,SI,slovenia,XL,19.9,9.2,33.3,5.9,4.2,9.7,84.8,97.6,4.9,20.8,904.0,university of ljubljana,slovenia,39010.0,13.2,9,60 : 40,36.258,25.9,21.5,54.9,68.5,42.3,2025,41.54,6.6,48.37582089552239,82.08955223880596,68.5,42.73553731343283
,469,illinois institute of technology,US,united states,M,12.8,11.0,14.1,35.9,19.2,97.3,18.9,12.2,1.6,,368.0,illinois institute of technology,united states,6082.0,12.3,39,38 : 62,50.55199999999999,41.8,26.7,70.8,92.2,74.0,2025,53.16,29.1,58.40428765264586,83.31071913161466,92.2,57.24250067842605
,761-770,king khalid university,SA,saudi arabia,L,16.6,8.3,49.8,2.7,100.0,18.0,78.3,2.2,2.3,,336.0,king khalid university,saudi arabia,29889.0,7.0,16,61 : 39,51.7105,39.0,30.2,74.3,58.5,90.9,2025,56.66,58.0,59.60081411126187,90.50203527815468,58.5,58.16628493894165
,567,national chengchi university,TW,taiwan,L,20.1,37.8,17.1,2.2,26.5,21.8,13.3,91.1,1.6,,1272.0,national chengchi university,taiwan,12671.0,15.4,14,58 : 42,29.319,26.2,28.5,24.5,51.5,52.2,2025,26.1,20.25,47.361791044776126,79.10447761194031,51.5,36.47412686567164
,494,rensselaer polytechnic institute,US,united states,M,8.0,8.4,19.7,56.6,3.7,29.9,25.0,31.4,2.8,,479.0,rensselaer polytechnic institute,united states,7141.0,16.3,19,31 : 69,46.6945,35.6,29.6,60.6,90.4,77.5,2025,48.2,11.35,52.51332428765265,77.88331071913161,90.4,50.512163500678426
,534,university of crete,GR,greece,L,13.9,12.7,2.4,58.7,2.3,3.5,57.0,3.6,1.8,,703.0,university of crete,greece,13797.0,24.9,4,64 : 36,40.4335,20.0,25.4,70.5,64.0,46.1,2025,52.459999999999994,3.15,38.48575305291723,66.21438263229308,64.0,41.90351356852103
,651-660,university of hohenheim,DE,germany,M,8.6,6.1,12.0,47.5,25.2,25.9,76.9,5.0,19.2,,317.0,university of hohenheim,germany,8652.0,38.9,14,57 : 43,52.6695,35.6,36.6,79.9,73.9,61.7,2025,62.580000000000005,19.6,40.24738127544098,47.218453188602446,73.9,50.014583446404345
,671-680,american university of the middle east,KW,kuwait,M,23.1,21.6,19.7,3.7,100.0,23.0,35.1,5.1,3.5,,492.0,american university of the middle east,kuwait,5049.0,12.4,14,63 : 37,46.211,36.2,25.0,69.5,25.3,85.6,2025,51.699999999999996,57.0,54.990013568521036,83.17503392130257,25.3,49.68650474898236
,611-620,brno university of technology,CZ,czech republic,L,13.0,29.3,25.7,7.3,14.8,67.3,78.8,12.7,3.3,,1152.0,brno university of technology,czech republic,17834.0,15.1,26,28 : 72,31.3695,25.1,17.9,37.8,72.6,60.4,2025,29.839999999999996,20.4,46.86461329715061,79.51153324287652,72.6,40.79661465400271
,,eastern mediterranean university,NCY,northern cyprus,L,5.6,2.1,3.5,26.5,90.1,100.0,55.2,24.1,1.8,,669.0,eastern mediterranean university,northern cyprus,13353.0,24.4,75,44 : 56,41.35,23.1,14.8,74.8,35.9,84.9,2025,50.8,82.55,40.61712347354138,66.89280868385346,35.9,49.76349321573948
,580,university of klagenfurt,AT,austria,S,5.7,3.7,51.3,11.3,96.0,87.8,35.6,9.2,1.6,,564.0,university of klagenfurt,austria,3458.0,9.6,32,64 : 36,44.259,32.8,20.6,67.0,49.6,87.0,2025,48.44,64.0,54.469687924016284,86.97421981004071,49.6,53.0583907734057
,611-620,university of minho,PT,portugal,L,15.6,7.1,26.5,21.0,15.9,14.9,83.7,8.6,52.1,,647.0,university of minho,portugal,21765.0,21.0,13,55 : 45,41.885,27.6,32.7,57.6,81.5,49.6,2025,47.64,14.45,45.16244233378562,71.50610583446404,81.5,46.873354816824964
,601-610,charles darwin university,AU,australia,M,5.7,4.2,4.5,44.2,25.4,55.2,41.3,3.9,63.7,,493.0,charles darwin university,australia,7107.0,23.7,26,71 : 29,46.1805,22.7,30.3,76.2,44.8,80.6,2025,57.84,25.7,40.757042062415195,67.84260515603799,44.8,45.08396472184531
,711-720,istanbul university,TR,turkey,XL,28.1,25.3,2.8,3.5,5.3,9.9,68.8,72.8,1.7,,1390.0,istanbul university,turkey,59626.0,23.2,9,58 : 42,27.228500000000004,24.8,20.6,30.1,46.4,40.7,2025,26.299999999999997,7.15,42.28841248303935,68.52103120759837,46.4,32.03844436906377
,563,university of south florida,US,united states,XL,12.9,9.5,8.8,36.3,19.9,22.2,86.7,6.1,15.9,,362.0,university of south florida,united states,39710.0,19.3,14,,50.8265,32.2,35.5,73.5,99.5,66.7,2025,58.300000000000004,16.95,48.845101763907735,73.81275440976934,99.5,54.968285617367705
,701-710,zayed university,AE,united arab emirates,M,17.6,18.4,24.3,8.6,100.0,1.9,50.8,20.9,2.9,,398.0,zayed university,united arab emirates,8892.0,14.8,2,86 : 14,49.3645,27.8,26.5,85.9,53.4,74.3,2025,62.14,51.0,48.6474355495251,79.91858887381275,53.4,54.435602442333774
,631-640,ajou university,KR,south korea,M,13.7,15.0,68.9,17.9,9.3,24.2,18.8,4.2,23.7,,518.0,ajou university,south korea,7763.0,15.9,15,40 : 60,45.248,35.6,38.7,53.9,94.2,47.8,2025,47.82,12.15,52.73042062415197,78.42605156037992,94.2,51.14514721845319
,631-640,boston college,US,united states,L,21.3,16.2,21.2,16.6,12.5,18.8,50.8,42.2,7.1,,260.0,boston college,united states,13282.0,15.1,12,56 : 44,55.485,46.3,32.3,85.3,58.3,60.5,2025,64.1,12.25,59.58461329715061,79.51153324287652,58.3,53.8721146540027
,621-630,chang gung university,TW,taiwan,M,6.3,4.3,71.6,41.9,5.1,4.5,27.7,2.0,13.2,,761.0,chang gung university,taiwan,7113.0,12.1,5,50 : 50,38.895,28.3,34.8,48.3,95.3,28.7,2025,42.9,5.05,50.41283582089552,83.5820895522388,95.3,47.711992537313435
,691-700,inha university,KR,south korea,L,12.2,14.3,77.2,10.9,9.7,13.7,23.9,13.1,41.4,,895.0,inha university,south korea,15423.0,17.9,8,45 : 55,36.4195,30.9,27.6,44.2,77.5,39.2,2025,37.56,8.85,48.82493894165536,75.7123473541384,77.5,43.18722862957938
,711-720,savitribai phule pune university,IN,india,M,8.9,18.3,48.8,35.3,1.4,2.5,44.2,14.4,1.8,,926.0,savitribai phule pune university,india,6004.0,8.7,3,46 : 54,35.8965,41.5,8.7,60.3,29.9,24.6,2025,39.66,2.2,60.17815468113976,88.19538670284939,29.9,39.75835413839891
,600,tulane university,US,united states,L,9.8,6.0,84.7,9.7,9.9,10.8,75.4,26.0,8.0,,432.0,tulane university,united states,13029.0,7.8,11,61 : 39,48.3295,43.2,23.1,74.4,66.1,52.3,2025,53.88,10.45,61.68662143826323,89.41655359565807,66.1,51.930817503392134
,502,university of portsmouth,UK,united kingdom,L,8.1,7.3,8.6,15.1,74.0,85.3,75.4,8.9,21.1,,439.0,university of portsmouth,united kingdom,22700.0,15.8,32,48 : 52,47.968,23.8,20.0,86.6,50.3,95.4,2025,59.959999999999994,53.0,45.704694708276804,78.56173677069201,50.3,52.477643147896885
,711-720,beirut arab university,LB,lebanon,S,17.7,14.8,19.1,3.3,88.5,48.2,28.0,38.2,1.0,,663.0,beirut arab university,lebanon,4167.0,10.4,21,45 : 55,41.5035,48.8,23.0,43.3,19.5,88.9,2025,35.18,54.75,63.635495251017645,85.8887381275441,19.5,45.722923337856166
,681-690,de la salle university,PH,philippines,L,22.6,52.4,10.0,4.5,1.9,2.5,22.2,47.4,2.7,,1671.0,de la salle university,philippines,13059.0,11.5,2,52 : 48,22.5545,22.8,12.4,30.4,22.5,29.5,2025,23.2,1.95,47.438480325644505,84.39620081411127,22.5,28.39096811397558
,761-770,hacettepe university,TR,turkey,L,22.5,29.4,10.8,7.1,4.0,3.5,72.1,22.2,34.8,,853.0,hacettepe university,turkey,42712.0,23.4,3,59 : 41,37.2475,30.7,29.3,50.2,65.6,26.8,2025,41.84,3.5,45.71986431478969,68.24966078697422,65.6,41.01095251017639
,548,lehigh university,US,united states,M,5.2,4.8,24.3,32.5,47.1,27.8,44.5,29.0,33.3,,621.0,lehigh university,united states,6768.0,11.5,16,46 : 54,42.5135,34.2,23.0,58.8,67.3,72.3,2025,44.48,31.55,54.27848032564451,84.39620081411127,67.3,49.39296811397557
,611-620,national central university,TW,taiwan,M,21.5,28.2,22.9,14.4,11.6,10.0,30.4,10.2,27.9,,1126.0,national central university,taiwan,11174.0,9.9,8,36 : 64,32.012,31.8,24.7,28.9,88.2,43.6,2025,27.22,9.8,53.70686567164179,86.56716417910448,88.2,43.02440298507463
,631-640,ritsumeikan university,JP,japan,XL,16.6,55.7,7.8,3.1,28.4,9.6,30.9,3.9,39.5,,1581.0,ritsumeikan university,japan,35421.0,17.7,9,37 : 63,23.9285,20.1,14.8,26.0,60.3,46.6,2025,21.52,18.7,42.453487109905026,75.98371777476255,60.3,34.240720488466756
,761-770,universiti tenaga nasional (uniten),MY,malaysia,S,8.0,11.6,62.2,17.3,18.0,65.0,32.9,4.4,9.1,,735.0,universiti tenaga nasional (uniten),malaysia,4236.0,9.4,20,32 : 68,39.696,25.6,17.5,64.1,75.6,64.2,2025,45.459999999999994,19.0,50.25823609226594,87.24559023066485,75.6,47.69138263229307
,621-630,university of the basque country,ES,spain,XL,19.5,7.3,32.8,19.0,2.4,3.5,90.8,22.8,7.3,,687.0,university of the basque country,spain,41749.0,14.9,5,60 : 40,40.82,27.8,23.9,66.3,60.2,45.2,2025,49.339999999999996,3.7,48.59316146540027,79.78290366350068,60.2,43.86160651289009
,631-640,palacký university olomouc,CZ,czech republic,L,15.2,13.9,29.9,8.5,32.7,17.8,87.3,6.8,33.0,,1032.0,palacký university olomouc,czech republic,19315.0,14.9,13,68 : 32,33.6415,23.3,24.8,44.9,39.4,60.4,2025,36.86,22.85,45.89316146540027,79.78290366350068,39.4,38.30110651289009
,641-650,university of houston,US,united states,XL,12.7,11.4,5.0,24.6,23.9,19.8,71.6,50.3,19.7,,497.0,university of houston,united states,46645.0,24.5,16,53 : 47,46.0525,32.5,26.8,67.3,68.2,77.0,2025,51.099999999999994,19.95,46.202849389416556,66.75712347354138,68.2,47.27849728629579
,751-760,university of zagreb,HR,croatia,XL,16.3,7.3,23.8,4.1,1.7,3.3,91.6,96.9,27.9,,1221.0,university of zagreb,croatia,59109.0,15.2,4,60 : 40,30.1955,26.0,16.6,42.3,67.6,30.9,2025,32.019999999999996,2.85,47.350339213025784,79.37584803256445,67.6,38.34711872455902
,661-670,aberystwyth university,UK,united kingdom,M,9.4,5.9,18.5,20.3,44.6,46.5,65.9,7.1,44.9,,661.0,aberystwyth university,united kingdom,6010.0,14.8,22,50 : 50,41.57,25.7,21.9,63.2,57.0,85.3,2025,46.68,33.3,47.3874355495251,79.91858887381275,57.0,46.468602442333776
,641-650,free university of bozen-bolzano,IT,italy,S,5.8,1.5,12.8,42.6,72.3,37.4,49.3,3.4,2.0,,379.0,free university of bozen-bolzano,italy,4109.0,8.7,16,66 : 34,50.05400000000001,33.3,23.1,85.9,46.1,78.9,2025,60.78,44.15,55.25815468113976,88.19538670284939,46.1,54.15085413839892
,641-650,memorial university of newfoundland,CA,canada,L,7.2,5.9,10.1,28.6,23.9,78.4,74.1,12.1,16.9,,506.0,memorial university of newfoundland,canada,16294.0,15.3,27,54 : 46,45.663,30.3,26.1,64.2,83.7,87.3,2025,48.96000000000001,25.45,49.876065128900954,79.24016282225239,83.7,50.965122795115334
,661-670,national chung hsing university,TW,taiwan,L,21.1,23.0,25.3,11.5,8.8,8.4,32.2,28.4,32.1,,1197.0,national chung hsing university,taiwan,15403.0,13.1,7,42 : 58,30.675500000000003,25.5,25.1,34.2,75.1,34.8,2025,30.560000000000002,7.9,48.19009497964722,82.22523744911805,75.1,40.01253324287652
,611-620,tokyo medical and dental university (tmdu),JP,japan,S,11.8,6.5,100.0,17.7,2.4,13.4,21.9,2.0,1.6,,470.0,tokyo medical and dental university (tmdu),japan,2920.0,4.2,12,52 : 48,46.967,46.4,34.2,55.5,96.9,37.8,2025,46.98,7.2,65.56048846675712,94.3012211668928,96.9,55.004170963364984
,671-680,university of manitoba,CA,canada,L,13.6,15.9,29.6,12.0,,43.2,73.1,32.8,16.3,,461.0,university of manitoba,canada,30343.0,29.7,22,54 : 46,47.25749999999999,28.1,34.4,73.1,63.3,60.4,2025,57.61999999999999,,40.74059701492537,59.70149253731343,63.3,
,561,university of plymouth,UK,united kingdom,L,8.9,8.9,11.6,25.9,49.8,36.2,80.1,7.3,21.5,,526.0,university of plymouth,united kingdom,15540.0,16.6,18,60 : 40,44.926,22.8,22.0,77.0,65.0,81.6,2025,55.0,33.9,44.670502035278155,77.47625508819539,65.0,49.71967571234735
,545,bar-ilan university,IL,israel,L,7.8,6.1,7.5,48.1,46.4,2.7,50.1,22.9,4.2,,619.0,bar-ilan university,israel,19524.0,18.9,5,60 : 40,42.581,32.5,34.2,53.5,86.2,47.7,2025,45.78,25.7,49.24219810040706,74.35549525101764,86.2,50.04276933514247
,651-660,university of haifa,IL,israel,L,13.0,5.9,14.6,32.1,13.4,3.6,67.2,22.9,37.3,,668.0,university of haifa,israel,16631.0,17.8,3,66 : 34,41.3595,26.7,29.3,66.9,58.4,34.4,2025,51.86,8.2,46.35921302578019,75.84803256445049,58.4,44.36672455902306
,593,"goldsmiths, university of london",UK,united kingdom,M,13.1,5.1,12.8,12.0,92.0,91.5,25.1,14.4,3.1,,508.0,"goldsmiths, university of london",united kingdom,8355.0,13.8,43,68 : 32,45.524,26.5,23.7,76.8,40.9,82.1,2025,55.56,67.5,48.41017639077341,81.27544097693352,40.9,52.649561736770686
,721-730,jeonbuk national university,KR,south korea,L,15.6,11.1,61.3,10.6,7.8,6.8,35.3,2.8,48.5,,931.0,jeonbuk national university,south korea,20352.0,20.3,8,46 : 54,35.864,30.7,27.8,44.9,67.2,34.5,2025,38.06,7.9,47.40236092265943,72.45590230664858,67.2,41.1768263229308
,661-670,princess nourah bint abdulrahman university,SA,saudi arabia,L,16.6,14.8,18.9,2.5,94.5,38.4,64.0,2.3,3.1,,531.0,princess nourah bint abdulrahman university,saudi arabia,21785.0,12.3,19,100 : 0,44.822,27.0,19.8,76.3,32.0,92.6,2025,53.699999999999996,56.75,49.52428765264587,83.31071913161466,32.0,49.44100067842605
,721-730,temple university,US,united states,L,12.3,7.1,29.2,16.9,3.0,5.7,77.2,23.2,61.9,,385.0,temple university,united states,32761.0,11.8,6,57 : 43,49.7745,41.7,23.1,83.2,66.6,42.0,2025,59.160000000000004,4.5,58.61565807327001,83.98914518317504,66.6,51.8864803256445
,661-670,universidad panamericana (up),MX,mexico,L,9.9,20.0,75.4,1.2,17.4,2.5,20.1,68.7,2.0,,1904.0,universidad panamericana (up),mexico,16947.0,7.9,3,47 : 53,17.482,24.0,9.1,11.5,16.7,48.6,2025,10.54,10.2,50.1123473541384,89.280868385346,16.7,25.26332157394844
,691-700,universidade federal do rio grande do sul,BR,brazil,XL,28.0,5.3,12.8,10.1,2.2,1.6,80.1,25.9,31.3,,776.0,universidade federal do rio grande do sul,brazil,40297.0,14.4,1,52 : 48,38.6595,36.7,24.1,53.3,56.1,34.8,2025,41.62,1.6,54.20453188602443,80.46132971506105,56.1,42.193586160108545
,791-800,university of brescia,IT,italy,M,4.4,2.2,7.4,56.3,2.6,6.3,55.5,3.3,44.9,,384.0,university of brescia,italy,9457.0,22.6,5,52 : 48,49.8685,34.7,23.4,89.0,73.4,42.8,2025,62.76,3.8,48.55405698778833,69.33514246947082,73.4,50.53991994572591
,671-680,university of greenwich,UK,united kingdom,L,4.7,4.1,4.1,11.7,91.5,100.0,78.2,14.9,5.4,,549.0,university of greenwich,united kingdom,19330.0,23.9,52,56 : 44,44.4925,18.2,18.0,83.6,37.4,97.7,2025,57.36,71.75,37.94849389416554,67.57123473541384,37.4,49.73047286295794
,731-740,university of siena,IT,italy,M,13.6,3.5,9.7,40.4,2.9,10.8,61.0,9.3,27.9,,397.0,university of siena,italy,10438.0,16.8,10,63 : 37,49.3715,38.7,32.6,72.9,75.4,48.2,2025,56.78,6.45,54.1019538670285,77.20488466757124,75.4,51.08618385345997
,661-670,lebanese american university,LB,lebanon,M,13.5,20.3,29.1,3.7,73.3,19.6,36.5,19.9,19.5,,272.0,lebanese american university,lebanon,7451.0,12.6,15,52 : 48,54.818,37.2,30.6,91.4,29.0,85.2,2025,67.08000000000001,44.15,55.48146540027137,82.90366350067842,29.0,53.869012890094986
,621-630,stevens institute of technology,US,united states,M,2.6,4.0,5.2,41.7,53.2,96.4,18.0,7.8,1.3,,441.0,stevens institute of technology,united states,7281.0,20.7,34,29 : 71,47.905,27.2,28.0,76.1,68.4,82.6,2025,56.86,43.6,45.08526458616011,71.91316146540026,68.4,52.480842605156035
,681-690,taras shevchenko national university of kyiv,UA,ukraine,L,18.9,36.6,27.0,2.2,1.5,3.9,40.3,45.5,1.6,,1726.0,taras shevchenko national university of kyiv,ukraine,26028.0,10.4,6,58 : 42,21.462,24.7,14.2,22.2,25.5,31.7,2025,19.0,3.75,49.175495251017644,85.8887381275441,25.5,28.248923337856173
,791-800,american university,US,united states,M,16.2,29.3,32.9,4.3,8.0,19.4,30.6,40.5,4.8,,715.0,american university,united states,13616.0,12.8,11,63 : 37,40.212,34.8,19.0,65.0,40.9,44.0,2025,46.6,9.5,53.93291723202171,82.63229308005428,40.9,42.746521031207585
,651-660,comsats university islamabad,PK,pakistan,XL,11.7,30.5,13.4,18.2,1.5,1.4,88.3,6.1,14.6,,659.0,comsats university islamabad,pakistan,33879.0,15.5,1,38 : 62,41.5775,19.2,15.9,87.0,36.5,49.9,2025,58.559999999999995,1.25,43.10751696065129,78.96879240162822,36.5,41.24613093622795
,801-850,de montfort university,UK,united kingdom,L,5.3,4.8,5.6,8.0,74.2,97.5,62.8,6.4,41.4,,697.0,de montfort university,united kingdom,22275.0,18.3,42,55 : 45,40.552,17.7,15.7,73.3,44.0,93.7,2025,50.26,58.1,40.68784260515604,75.1696065128901,44.0,47.14674491180461
,721-730,ton duc thang university,VN,vietnam,L,5.0,6.4,5.2,51.7,9.9,1.4,90.7,4.7,3.8,,683.0,ton duc thang university,vietnam,27483.0,18.2,1,58 : 42,40.912,14.9,14.5,89.0,26.1,60.9,2025,59.2,5.45,39.06211668928087,75.30529172320217,26.1,39.12424084124831
,661-670,brandeis university,US,united states,M,9.4,4.8,53.1,11.6,18.0,75.1,32.3,16.5,1.1,,411.0,brandeis university,united states,5058.0,10.9,34,58 : 42,48.9285,36.5,26.6,72.5,64.8,81.4,2025,54.14,26.0,55.98412483039349,85.21031207598372,64.8,52.16344369063771
,741-750,budapest university of technology and economics,HU,hungary,L,15.6,25.7,13.7,8.5,2.8,14.8,56.6,33.2,26.0,,1352.0,budapest university of technology and economics,hungary,18440.0,16.8,14,30 : 70,27.9055,22.4,19.3,34.2,64.2,38.3,2025,28.240000000000002,8.4,44.3219538670285,77.20488466757124,64.2,36.28668385345998
,791-800,diponegoro university,ID,indonesia,XL,19.2,41.7,19.3,1.5,27.9,3.0,27.4,14.6,9.7,,1553.0,diponegoro university,indonesia,35458.0,17.9,3,56 : 44,24.4405,29.4,15.9,21.8,43.6,38.3,2025,19.44,15.45,47.924938941655356,75.7123473541384,43.6,32.43522862957938
,601-610,drexel university,US,united states,L,8.1,4.5,22.4,28.7,12.6,23.8,73.4,25.1,8.3,,388.0,drexel university,united states,16688.0,10.6,16,51 : 49,49.64699999999999,43.4,25.4,72.4,74.7,63.6,2025,53.60000000000001,14.3,60.28694708276798,85.61736770691995,74.7,53.21043147896879
,741-750,jadavpur university,IN,india,M,17.8,5.9,9.1,40.6,,1.0,32.5,14.9,13.4,,1103.0,jadavpur university,india,12952.0,18.9,0,30 : 70,32.352999999999994,36.1,16.3,45.3,48.1,19.5,2025,33.699999999999996,,51.40219810040706,74.35549525101764,48.1,
,801-850,konkuk university,KR,south korea,L,7.0,8.1,61.8,17.1,9.5,17.7,46.8,9.0,28.4,,559.0,konkuk university,south korea,11501.0,23.4,20,,44.32899999999999,33.8,38.5,49.3,94.2,61.8,2025,44.98,14.75,47.57986431478969,68.24966078697422,94.2,48.73845251017639
,661-670,middlesex university,UK,united kingdom,L,5.3,5.3,8.1,10.6,84.4,99.5,58.3,15.2,4.3,,542.0,middlesex university,united kingdom,13875.0,17.0,49,60 : 40,44.64849999999999,24.3,18.2,78.3,42.3,93.6,2025,54.26,66.7,45.353405698778836,76.93351424694708,42.3,51.2146919945726
,751-760,riga technical university,LV,latvia,M,11.5,26.8,22.0,3.0,15.7,72.0,29.9,35.0,6.8,,1153.0,riga technical university,latvia,10907.0,31.3,26,35 : 65,31.351,25.9,24.1,32.9,52.6,63.3,2025,29.38,20.85,38.55221166892809,57.53052917232022,52.6,34.79377408412483
,641-650,university of modena and reggio emilia,IT,italy,L,8.6,4.0,2.9,49.7,4.0,3.6,53.3,15.2,23.2,,503.0,university of modena and reggio emilia,italy,20370.0,23.3,5,54 : 46,45.813500000000005,32.2,25.2,76.4,78.1,39.5,2025,55.92,4.5,46.67413839891452,68.3853459972863,78.1,48.29794843962008
,691-700,university of trieste,IT,italy,L,11.7,4.0,3.6,43.3,7.3,7.9,70.4,14.6,2.6,,544.0,university of trieste,italy,17589.0,24.9,7,57 : 43,44.603,33.0,26.4,70.8,54.8,50.4,2025,53.04,7.15,46.28575305291723,66.21438263229308,54.8,44.05651356852103
,721-730,university of belgrade,RS,serbia,XL,17.6,8.4,4.6,5.3,2.8,4.0,95.2,96.4,3.7,,1004.0,university of belgrade,serbia,89910.0,17.7,5,63 : 37,34.2865,22.4,27.8,50.0,37.6,41.5,2025,41.120000000000005,3.9,43.83348710990502,75.98371777476255,37.6,35.95872048846676
,671-680,carleton university,CA,canada,L,11.1,13.5,3.8,15.6,13.2,43.7,67.3,34.3,26.3,,594.0,carleton university,canada,28811.0,28.3,22,50 : 50,43.524,22.1,30.4,65.2,70.4,77.5,2025,51.28,17.6,37.900434192673,61.6010854816825,70.4,44.41315196743555
,593,university of central florida,US,united states,XL,13.7,23.0,2.9,23.6,9.5,4.3,72.2,9.2,12.1,,407.0,university of central florida,united states,62862.0,38.1,5,57 : 43,49.12499999999999,31.6,36.9,77.2,77.3,38.0,2025,61.08,7.25,38.28157394843962,48.30393487109905,77.3,47.459050881953864
,741-750,university of the west of england,UK,united kingdom,XL,9.0,9.0,7.5,11.9,46.9,75.3,76.1,2.1,14.3,,634.0,university of the west of england,united kingdom,29680.0,16.8,29,52 : 48,42.298,18.7,15.1,80.2,55.0,81.9,2025,54.16,37.95,42.1019538670285,77.20488466757124,55.0,47.63418385345997
,711-720,university of westminster,UK,united kingdom,L,11.5,6.8,5.7,5.1,77.4,100.0,35.4,21.7,1.7,,896.0,university of westminster,united kingdom,18385.0,19.6,50,59 : 41,36.418,18.7,16.8,58.5,46.8,88.1,2025,41.82,63.7,40.582279511533244,73.40569877883311,46.8,45.415797829036634
,711-720,victoria university,AU,australia,L,6.9,6.1,2.4,34.1,32.7,41.5,44.9,6.4,34.8,,500.0,victoria university,australia,13529.0,37.3,20,58 : 42,45.967,23.5,29.7,74.5,62.1,74.5,2025,56.58,26.35,33.85576662143827,49.389416553595666,62.1,44.92001831750339
,801-850,vytautas magnus university,LT,lithuania,M,10.4,16.8,41.8,2.4,26.7,47.8,48.1,21.6,6.7,,1491.0,vytautas magnus university,lithuania,8217.0,10.8,15,72 : 28,25.3555,23.6,12.6,31.2,20.3,60.9,2025,23.759999999999998,20.85,48.298398914518316,85.3459972862958,20.3,31.392939620081407
,701-710,wake forest university,US,united states,M,5.1,6.3,100.0,8.6,3.2,10.9,42.8,15.4,1.7,,444.0,wake forest university,united states,8366.0,4.1,10,55 : 45,47.812,38.7,23.2,78.0,83.0,39.3,2025,56.08,6.6,60.99476255088196,94.43690637720489,83.0,54.416166892808675
,801-850,kaunas university of technology,LT,lithuania,M,11.2,18.5,31.1,7.9,3.5,28.6,64.2,23.2,16.1,,1218.0,kaunas university of technology,lithuania,7618.0,13.2,9,35 : 65,30.2945,22.6,17.4,46.4,40.6,40.5,2025,34.8,6.25,46.39582089552239,82.08955223880596,40.6,35.44603731343284
,661-670,tokyo university of science,JP,japan,L,10.4,51.5,9.4,10.0,12.5,3.7,20.3,41.0,2.4,,1417.0,tokyo university of science,japan,17783.0,23.7,4,25 : 75,26.825,22.9,24.8,25.5,73.5,30.5,2025,25.22,8.25,40.8770420624152,67.84260515603799,73.5,35.39646472184532
,791-800,university of engineering & technology (uet) lahore,PK,pakistan,L,10.0,43.2,18.0,6.7,1.1,1.8,41.6,47.7,7.5,,1246.0,university of engineering & technology (uet) lahore,pakistan,12720.0,12.5,2,29 : 71,29.812,19.5,9.6,54.6,27.7,50.5,2025,36.599999999999994,1.55,44.9157394843962,83.0393487109905,27.7,32.91800881953867
,851-900,university of malta,MT,malta,M,6.1,4.6,31.7,7.2,18.0,19.2,75.9,95.9,1.9,,913.0,university of malta,malta,9966.0,12.2,17,61 : 39,36.0345,23.9,17.3,61.0,33.3,57.8,2025,43.52,17.5,47.71856173677069,83.44640434192672,33.3,39.55349660786974
,801-850,bangladesh university of engineering and technology,BD,bangladesh,M,16.9,36.6,13.6,14.9,,1.0,25.1,22.2,1.2,,1025.0,bangladesh university of engineering and technology,bangladesh,6040.0,12.2,0,23 : 77,33.747499999999995,22.5,16.4,62.2,33.1,31.6,2025,43.88,,46.87856173677069,83.44640434192672,33.1,
,851-900,king faisal university,SA,saudi arabia,L,16.4,12.7,14.5,2.7,98.0,3.9,59.3,8.7,1.5,,741.0,king faisal university,saudi arabia,30867.0,15.2,2,62 : 38,39.522,20.1,14.9,73.6,38.6,75.3,2025,50.12,50.0,43.810339213025784,79.37584803256445,38.6,46.16561872455902
,791-800,university of patras,GR,greece,L,11.7,17.1,2.7,27.0,1.4,4.8,60.6,3.7,44.9,,1088.0,university of patras,greece,29906.0,27.6,6,52 : 48,32.6735,17.4,18.4,56.1,69.3,34.7,2025,41.019999999999996,3.7,35.46035278154682,62.550881953867034,69.3,37.71812347354138
,731-740,bournemouth university,UK,united kingdom,L,5.8,6.4,6.1,16.4,80.3,47.1,72.6,4.8,5.3,,449.0,bournemouth university,united kingdom,14375.0,18.3,21,54 : 46,47.7,24.0,20.8,87.8,39.7,88.8,2025,61.0,50.65,44.46784260515604,75.1696065128901,39.7,50.46624491180461
,701-710,chiba university,JP,japan,L,16.6,8.5,66.1,8.8,7.5,4.3,28.9,3.8,8.7,,1018.0,chiba university,japan,13711.0,8.3,6,38 : 62,33.8995,33.3,20.4,42.8,68.5,34.4,2025,33.839999999999996,6.75,55.475251017639074,88.7381275440977,68.5,42.54783785617367
,711-720,"university of maryland, baltimore county",US,united states,L,10.2,6.8,14.1,13.5,49.8,25.8,45.0,4.5,57.7,,690.0,"university of maryland, baltimore county",united states,12186.0,17.6,17,46 : 54,40.7135,28.0,25.1,61.1,66.3,55.9,2025,46.699999999999996,33.4,47.24776119402985,76.11940298507463,66.3,47.836716417910445
,801-850,verona university,IT,italy,L,9.1,2.7,4.1,41.6,4.5,4.2,71.0,3.1,22.5,,419.0,verona university,italy,21889.0,25.8,4,64 : 36,48.63,33.2,28.9,81.3,68.0,44.6,2025,60.339999999999996,4.25,45.91728629579376,64.9932157394844,68.0,48.02755020352781
,751-760,kasetsart university,TH,thailand,XL,25.2,18.6,6.5,2.5,4.3,1.3,51.9,18.5,33.9,,1736.0,kasetsart university,thailand,69973.0,18.1,1,62 : 38,21.2545,18.7,12.6,26.9,36.6,34.0,2025,21.179999999999996,2.65,41.3963907734057,75.44097693351425,36.6,27.789236770691993
,901-950,qassim university,SA,saudi arabia,XL,10.6,5.0,33.9,1.8,98.3,7.9,68.3,2.4,9.3,,771.0,qassim university,saudi arabia,35951.0,9.5,8,66 : 34,38.7425,35.8,23.1,48.3,22.0,81.5,2025,38.22,53.15,56.32396200814111,87.10990502035278,22.0,44.36288670284938
,801-850,texas tech university,US,united states,XL,10.9,10.6,6.2,11.3,36.6,9.6,70.5,13.7,55.4,,770.0,texas tech university,united states,37331.0,21.1,6,50 : 50,38.7445,30.1,21.2,56.4,60.8,58.2,2025,42.31999999999999,21.3,46.608168249660785,71.37042062415196,60.8,43.43985888738127
,641-650,the new school,US,united states,M,15.2,8.2,41.1,2.6,5.7,92.3,19.6,13.5,1.0,,1086.0,the new school,united states,10104.0,10.4,35,73 : 27,32.7115,28.8,14.9,47.2,27.3,61.9,2025,34.28,20.35,51.635495251017645,85.8887381275441,27.3,37.21792333785618
,801-850,universidade federal de santa catarina,BR,brazil,XL,19.3,4.8,19.2,8.5,4.1,2.2,62.1,17.3,52.1,,1019.0,universidade federal de santa catarina,brazil,36540.0,15.1,2,49 : 51,33.898,33.7,22.4,40.4,66.2,35.9,2025,33.199999999999996,3.05,52.02461329715061,79.51153324287652,66.2,40.21611465400271
,801-850,university of latvia,LV,latvia,L,11.5,16.7,5.9,5.3,12.1,5.1,71.5,90.4,9.8,,1038.0,university of latvia,latvia,12055.0,32.8,8,68 : 32,33.575,19.8,28.6,45.0,54.0,50.4,2025,38.44,10.05,34.078100407055636,55.49525101763908,54.0,34.98883514246947
,691-700,university of mons,BE,belgium,M,7.1,7.0,3.4,37.3,35.0,33.7,43.7,6.1,1.6,,617.0,university of mons,belgium,8604.0,29.8,19,56 : 44,42.60999999999999,25.8,31.4,59.5,64.2,73.0,2025,48.26,27.0,39.30632293080055,59.565807327001366,64.2,44.32821302578019
,731-740,alfaisal university,SA,saudi arabia,S,4.8,3.0,21.6,10.6,100.0,89.0,19.1,4.4,1.1,,631.0,alfaisal university,saudi arabia,3475.0,11.3,36,58 : 42,42.3515,23.3,17.1,71.1,47.1,97.4,2025,49.5,68.0,47.84702849389417,84.66757123473542,47.1,51.336459972862954
,801-850,ivane javakhishvili tbilisi state university,GE,georgia,L,10.4,1.2,73.9,1.2,1.9,3.2,22.7,88.4,1.0,,1938.0,ivane javakhishvili tbilisi state university,georgia,23460.0,31.2,4,60 : 40,16.625,14.0,11.2,17.8,17.8,42.6,2025,15.16,2.95,31.466485753052915,57.66621438263228,17.8,19.431770013568517
,781-790,keele university,UK,united kingdom,M,6.0,4.4,14.4,26.2,51.6,30.7,62.9,6.9,3.1,,586.0,keele university,united kingdom,9855.0,15.5,17,61 : 39,43.6885,22.0,22.8,72.7,63.6,83.1,2025,52.739999999999995,34.3,44.78751696065129,78.96879240162822,63.6,48.819630936227945
,681-690,university of kentucky,US,united states,L,11.1,9.8,15.3,23.5,12.9,3.3,75.4,13.9,10.1,,435.0,university of kentucky,united states,27322.0,11.0,3,59 : 41,48.175,42.2,29.9,69.3,71.5,45.4,2025,53.54,7.95,59.34985074626866,85.07462686567165,71.5,51.42894776119403
,751-760,wayne state university,US,united states,L,7.6,3.4,62.1,10.6,13.3,5.4,73.6,19.4,3.1,,509.0,wayne state university,united states,21340.0,12.6,5,60 : 40,45.5225,38.5,21.8,72.0,77.7,41.8,2025,51.919999999999995,9.15,56.26146540027136,82.90366350067842,77.7,50.89101289009498
,801-850,al-ahliyya amman university,JO,jordan,M,9.6,10.1,9.4,2.7,75.5,100.0,16.9,4.6,1.5,,644.0,al-ahliyya amman university,jordan,4390.0,13.7,62,49 : 51,41.9705,18.5,18.9,74.2,51.3,89.6,2025,52.080000000000005,68.75,43.66445047489824,81.41112618724559,51.3,51.51805766621438
,901-950,alexandria university,EG,egypt,XL,23.1,18.3,4.5,2.0,1.7,4.8,76.4,24.3,6.9,,1014.0,alexandria university,egypt,199537.0,20.6,5,60 : 40,34.04899999999999,19.2,18.6,59.5,29.9,52.6,2025,43.14,3.35,40.33953867028494,72.04884667571234,29.9,34.205338534599726
,951-1000,"birla institute of technology and science, pilani",IN,india,L,11.0,19.7,8.0,20.4,2.2,2.5,37.6,25.4,30.4,,798.0,"birla institute of technology and science, pilani",india,15852.0,15.9,3,19 : 81,38.2615,27.1,19.8,69.4,42.0,27.0,2025,49.56,2.6,47.63042062415197,78.42605156037992,42.0,40.706647218453185
,801-850,edinburgh napier university,UK,united kingdom,L,5.0,5.0,4.0,11.8,77.5,86.0,60.1,4.9,2.2,,598.0,edinburgh napier university,united kingdom,13325.0,21.5,34,53 : 47,43.372,18.2,19.0,78.8,41.7,95.8,2025,54.879999999999995,55.75,39.25107191316147,70.82767978290366,41.7,47.56337516960651
,741-750,instituto politécnico nacional (ipn),MX,mexico,XL,19.1,28.8,9.1,2.0,2.2,1.1,46.0,6.8,35.7,,1930.0,instituto politécnico nacional (ipn),mexico,141840.0,12.9,0,43 : 57,16.8435,20.7,10.3,15.1,32.5,25.6,2025,13.18,1.1,45.41864314789689,82.4966078697422,32.5,25.54952510176391
,801-850,jouf university,SA,saudi arabia,L,11.7,5.1,37.1,2.3,100.0,2.6,43.5,2.4,1.0,,850.0,jouf university,saudi arabia,17820.0,9.2,3,54 : 46,37.296,24.2,13.5,65.7,19.3,76.8,2025,44.82,51.5,49.52678426051561,87.51696065128901,19.3,43.641374491180464
,851-900,kuwait university,KW,kuwait,L,14.7,7.9,6.8,2.9,20.4,19.4,39.3,93.8,17.1,,1253.0,kuwait university,kuwait,27141.0,15.8,13,70 : 30,29.7025,18.8,10.8,50.6,30.8,61.5,2025,34.68,16.7,42.704694708276804,78.56173677069201,30.8,34.20964314789688
,751-760,liverpool john moores university,UK,united kingdom,L,10.0,6.8,8.0,12.3,46.7,22.4,87.7,5.4,13.6,,603.0,liverpool john moores university,united kingdom,23725.0,18.2,15,55 : 45,43.1795,19.3,19.5,79.7,45.4,81.4,2025,55.620000000000005,30.85,41.70211668928087,75.30529172320217,45.4,45.5002408412483
,851-900,london south bank university,UK,united kingdom,L,3.3,2.9,9.1,4.4,87.1,96.8,47.6,8.5,15.4,,698.0,london south bank university,united kingdom,14565.0,17.0,38,56 : 44,40.5505,18.6,12.8,74.3,48.6,94.9,2025,49.7,62.55,41.933405698778834,76.93351424694708,48.6,48.74419199457259
,801-850,maynooth university,IE,ireland,M,10.4,7.7,9.2,12.7,87.4,16.7,48.5,9.2,6.4,,516.0,maynooth university,ireland,12094.0,27.0,14,57 : 43,45.3565,21.3,33.8,71.5,51.9,76.6,2025,56.42,50.7,38.12599728629579,63.36499321573948,51.9,48.481099050203525
,781-790,syracuse university,US,united states,L,12.9,8.7,11.6,10.6,5.8,39.3,55.5,42.7,11.6,,487.0,syracuse university,united states,19621.0,14.9,20,54 : 46,46.442,33.8,30.8,69.5,65.6,54.2,2025,54.019999999999996,12.9,52.193161465400266,79.78290366350068,65.6,48.949606512890085
,781-790,the catholic university of korea,KR,south korea,M,4.5,2.9,98.6,14.1,3.8,22.5,10.5,1.9,6.5,,652.0,the catholic university of korea,south korea,7263.0,17.6,11,62 : 38,41.684,31.7,39.2,48.3,87.8,39.5,2025,44.66,7.4,49.46776119402985,76.11940298507463,87.8,47.22471641791044
,851-900,toronto metropolitan university,CA,canada,XL,8.0,12.0,1.8,26.4,35.4,8.1,57.0,15.1,3.8,,709.0,toronto metropolitan university,canada,38884.0,41.9,10,55 : 45,40.284,19.5,31.4,59.9,67.7,63.3,2025,48.5,22.7,28.959158751696066,43.147896879240164,67.7,40.67070556309362
,851-900,tu dortmund university,DE,germany,L,14.1,16.0,28.1,6.2,22.4,17.1,61.1,6.8,3.7,,437.0,tu dortmund university,germany,18232.0,54.1,15,49 : 51,48.055,35.5,42.1,60.1,76.9,56.9,2025,52.900000000000006,18.7,31.93772048846676,26.594301221166894,76.9,44.033202170963364
,801-850,universiti tunku abdul rahman (utar),MY,malaysia,L,14.0,30.9,12.4,5.8,12.7,4.9,45.5,3.8,26.5,,1127.0,universiti tunku abdul rahman (utar),malaysia,16339.0,12.8,10,56 : 44,31.9715,19.8,16.1,51.8,58.6,47.7,2025,37.519999999999996,11.35,44.932917232021715,82.63229308005428,58.6,39.351021031207594
,781-790,university of alaska fairbanks,US,united states,S,2.7,2.0,98.8,12.9,4.8,3.0,42.6,4.2,2.5,,607.0,university of alaska fairbanks,united states,2771.0,8.3,6,55 : 45,42.9585,34.0,31.0,55.3,51.9,70.3,2025,45.58,5.4,55.895251017639076,88.7381275440977,51.9,44.11133785617367
,801-850,university of alicante,ES,spain,L,13.5,6.7,25.3,7.7,7.3,12.8,71.7,7.6,31.3,,1055.0,university of alicante,spain,22503.0,14.0,8,59 : 41,33.27,26.1,21.3,46.9,56.4,40.9,2025,36.66,7.65,48.06162822252375,81.00407055630936,56.4,39.26006987788331
,951-1000,university of baghdad,IQ,iraq,XL,11.0,16.9,24.6,1.5,2.4,1.1,63.5,72.7,3.1,,1771.0,university of baghdad,iraq,77080.0,12.8,0,59 : 41,20.557,25.2,12.1,23.8,25.1,19.6,2025,19.119999999999997,1.2,48.17291723202171,82.63229308005428,25.1,27.497521031207597
,771-780,university of brighton,UK,united kingdom,L,7.9,6.1,8.5,14.9,54.8,51.1,72.5,6.1,6.5,,709.0,university of brighton,united kingdom,14725.0,16.6,22,61 : 39,40.284,19.2,19.4,66.4,64.1,86.8,2025,47.6,38.4,42.51050203527815,77.47625508819539,64.1,46.913675712347356
,851-900,university of bucharest,RO,romania,XL,15.2,19.5,7.1,4.2,2.6,2.0,69.1,53.4,25.7,,1132.0,university of bucharest,romania,32123.0,32.6,2,70 : 30,31.908,22.9,22.6,51.4,26.4,28.3,2025,39.879999999999995,2.3,36.04664857530529,55.76662143826323,26.4,30.87932700135685
,721-730,university of oregon,US,united states,L,18.3,9.4,9.4,18.5,7.6,3.6,53.4,23.3,16.1,,440.0,university of oregon,united states,21695.0,13.2,5,56 : 44,47.96249999999999,32.6,29.6,79.0,72.6,42.1,2025,59.24,6.3,52.39582089552239,82.08955223880596,72.6,50.90753731343283
,801-850,university of salerno,IT,italy,L,8.6,2.4,5.6,37.1,3.3,1.6,87.4,4.0,19.2,,581.0,university of salerno,italy,19060.0,24.1,3,57 : 43,43.782,30.6,26.9,72.5,59.6,37.6,2025,54.26,3.15,45.27994572591588,67.29986431478969,59.6,44.25148100407055
,1401+,university of stavanger,NO,norway,M,7.1,5.8,84.6,5.0,,,69.6,10.0,5.1,,694.0,university of stavanger,norway,11435.0,9.7,14,58 : 42,40.6,25.4,16.4,71.6,30.4,75.4,2025,49.519999999999996,,49.975413839891445,86.83853459972862,30.4,
,751-760,university of ulsan,KR,south korea,M,5.0,2.3,60.0,33.6,2.0,2.4,28.8,3.8,5.6,,575.0,university of ulsan,south korea,11901.0,10.7,3,46 : 54,43.9885,29.5,27.3,73.1,90.6,24.2,2025,54.779999999999994,2.5,51.89267299864315,85.48168249660787,90.6,51.3004355495251
,801-850,charles sturt university,AU,australia,L,5.1,5.4,8.2,8.1,45.4,47.9,53.4,7.4,41.7,,907.0,charles sturt university,australia,18510.0,20.3,12,67 : 33,36.19800000000001,18.3,18.2,63.1,52.1,60.1,2025,45.14,28.7,39.962360922659435,72.45590230664858,52.1,41.9058263229308
,851-900,chonnam national university,KR,south korea,L,9.3,4.7,45.4,12.4,9.0,7.3,28.5,4.7,44.3,,901.0,chonnam national university,south korea,18258.0,13.5,7,50 : 50,36.334,32.2,28.8,45.2,64.2,31.4,2025,38.64,8.0,51.9929986431479,81.68249660786975,64.2,42.55154952510177
,851-900,chungnam national university,KR,south korea,L,8.8,7.8,46.3,10.7,7.2,9.2,32.7,5.0,25.7,,1064.0,chungnam national university,south korea,20399.0,19.7,4,46 : 54,33.184999999999995,29.7,29.9,36.0,76.0,25.5,2025,33.56,5.6,47.12800542740842,73.27001356852104,76.0,40.48080189959295
,791-800,clarkson university,US,united states,S,1.3,1.9,13.5,41.8,48.5,15.0,30.6,7.9,1.2,,1037.0,clarkson university,united states,3811.0,14.8,10,35 : 65,33.5875,32.1,18.0,38.4,63.7,64.4,2025,30.24,29.25,51.227435549525104,79.91858887381275,63.7,42.45610244233379
,851-900,cy cergy paris university,FR,france,M,3.7,2.5,49.5,5.0,47.2,45.9,46.0,1.5,1.4,,820.0,cy cergy paris university,france,16490.0,19.7,25,51 : 49,37.7665,25.3,25.0,46.2,57.7,91.8,2025,37.72,36.1,44.48800542740842,73.27001356852104,57.7,42.84280189959294
,851-900,georgia state university,US,united states,L,11.3,14.2,4.3,22.4,4.8,10.4,62.3,18.2,7.2,,534.0,georgia state university,united states,33424.0,17.2,8,55 : 45,44.774,31.3,25.8,71.5,61.9,55.1,2025,53.22,6.4,49.44485753052918,76.66214382632293,61.9,46.177700135685214
,951-1000,jamia millia islamia,IN,india,M,9.3,3.1,33.6,26.0,3.2,5.2,43.0,1.9,1.6,,527.0,jamia millia islamia,india,10374.0,11.7,5,52 : 48,44.923,41.0,15.8,78.6,40.9,40.4,2025,53.48,4.1,58.24993215739484,84.1248303934871,40.9,45.85547625508819
,851-900,kansas state university,US,united states,L,8.2,6.7,10.3,22.1,10.1,4.6,74.9,13.5,10.2,,749.0,kansas state university,united states,18732.0,13.9,5,54 : 46,39.293,33.6,22.7,53.4,66.7,54.8,2025,41.12,7.55,52.61590230664858,81.13975576662145,66.7,43.945065807327005
,901-950,mendel university in brno,CZ,czech republic,M,6.2,6.5,55.1,4.1,11.2,32.1,59.1,3.8,1.2,,1385.0,mendel university in brno,czech republic,8773.0,15.6,17,55 : 45,27.324500000000004,19.2,19.3,36.1,21.9,58.1,2025,29.380000000000003,14.1,43.053242876526454,78.83310719131615,21.9,30.751635006784255
,801-850,nagasaki university,JP,japan,M,6.9,2.3,81.0,6.3,5.8,4.7,49.2,3.0,2.1,,1351.0,nagasaki university,japan,8713.0,6.6,4,38 : 62,27.907499999999995,30.2,15.2,31.5,53.7,39.9,2025,24.979999999999997,4.9,54.5379104477612,91.044776119403,53.7,36.62126865671642
,801-850,north-west university,ZA,south africa,XL,7.4,11.0,4.9,14.9,6.6,2.0,92.9,16.7,28.4,,822.0,north-west university,south africa,40397.0,27.3,2,62 : 38,37.73950000000001,21.2,19.9,64.9,48.3,57.5,2025,46.900000000000006,4.3,37.9031750339213,62.95793758480326,48.3,37.57111126187246
,901-950,okayama university,JP,japan,L,8.9,3.7,61.3,7.7,6.1,6.3,52.5,2.9,14.5,,968.0,okayama university,japan,13042.0,10.4,8,40 : 60,34.98,35.7,22.7,38.5,87.2,37.7,2025,32.18,7.05,55.775495251017645,85.8887381275441,87.2,44.92192333785618
,851-900,oklahoma state university,US,united states,L,8.3,8.1,9.2,13.3,49.9,6.1,66.8,17.3,9.4,,671.0,oklahoma state university,united states,21851.0,14.4,5,52 : 48,41.2615,35.0,20.2,61.5,60.9,55.9,2025,44.98,27.45,53.18453188602442,80.46132971506105,60.9,47.610086160108544
,851-900,pavol jozef šafárik university in košice,SK,slovakia,M,4.7,5.1,59.7,3.0,5.1,65.3,41.7,4.6,1.0,,1411.0,pavol jozef šafárik university in košice,slovakia,7094.0,9.5,26,66 : 34,26.921,40.2,10.4,21.4,25.9,61.2,2025,17.0,15.55,58.96396200814111,87.10990502035278,25.9,32.80488670284939
,851-900,technological university dublin,IE,ireland,L,12.6,13.1,12.3,3.1,31.8,38.8,43.9,16.2,28.2,,1183.0,technological university dublin,ireland,20396.0,18.6,18,43 : 57,30.824,17.9,13.7,48.4,55.7,64.3,2025,34.519999999999996,24.9,40.64502035278154,74.76255088195387,55.7,38.39775712347354
,801-850,tokyo university of agriculture and technology,JP,japan,M,13.8,7.4,12.9,30.5,5.4,7.1,40.4,1.9,1.3,,1027.0,tokyo university of agriculture and technology,japan,5884.0,15.9,7,35 : 65,33.744,34.0,28.8,30.2,84.8,38.8,2025,29.64,6.2,51.77042062415197,78.42605156037992,84.8,42.14364721845318
,751-760,université du québec,CA,canada,XL,15.3,7.6,1.8,10.9,32.9,11.0,62.6,21.6,9.9,,536.0,université du québec,canada,50418.0,17.4,12,57 : 43,44.709,31.7,34.2,56.5,71.8,74.9,2025,47.58,22.45,49.57630936227952,76.39077340569878,71.8,48.14220827679783
,951-1000,university of ghana,GH,ghana,XL,11.5,7.6,1.9,5.3,4.5,1.7,72.8,95.4,7.6,,1149.0,university of ghana,ghana,65729.0,40.6,1,49 : 51,31.415,17.3,25.5,44.8,44.1,49.5,2025,37.08,2.75,28.34472184531886,44.91180461329715,44.1,29.9261526458616
,851-900,university of hertfordshire,UK,united kingdom,L,4.4,3.7,5.9,5.2,62.0,100.0,58.8,10.1,2.1,,740.0,university of hertfordshire,united kingdom,23060.0,17.4,54,48 : 52,39.5355,18.6,13.2,72.0,41.7,92.7,2025,48.48,58.0,41.71630936227952,76.39077340569878,41.7,46.52370827679783
,851-900,university of lincoln,UK,united kingdom,L,5.9,4.7,7.9,9.9,74.0,47.2,58.5,4.8,10.1,,653.0,university of lincoln,united kingdom,14840.0,15.1,17,56 : 44,41.667,20.2,18.7,75.9,31.5,83.4,2025,53.019999999999996,45.5,43.92461329715061,79.51153324287652,31.5,45.480614654002714
,851-900,university of palermo,IT,italy,L,11.1,2.3,4.4,32.2,2.4,1.9,81.6,4.5,5.7,,673.0,university of palermo,italy,36146.0,38.6,2,56 : 44,41.247,32.4,25.8,64.7,51.3,36.6,2025,49.14,2.2,38.49020352781547,47.62550881953867,51.3,38.69557123473541
,801-850,university of santo tomas,PH,philippines,XL,12.8,39.9,12.5,1.3,34.9,5.8,18.1,14.1,2.4,,1557.0,university of santo tomas,philippines,34837.0,13.3,7,52 : 48,24.38,19.8,9.7,33.6,20.4,64.4,2025,24.04,20.95,44.661546811397564,81.9538670284939,20.4,30.248041383989143
,851-900,university of south africa,ZA,south africa,XL,10.6,7.2,1.1,7.3,,7.3,91.0,92.8,3.1,,1292.0,university of south africa,south africa,233279.0,73.7,1,74 : 26,29.074,22.5,13.8,48.1,25.3,39.9,2025,34.38,,13.5,0.0,25.3,
,951-1000,"vietnam national university, hanoi",VN,vietnam,XL,15.3,18.7,7.6,2.4,5.5,1.2,61.0,60.1,6.4,,1295.0,"vietnam national university, hanoi",vietnam,64921.0,18.9,0,61 : 39,29.031,18.6,12.0,51.8,24.6,47.2,2025,35.879999999999995,2.75,40.90219810040706,74.35549525101764,24.6,30.976269335142472
,761-770,virginia commonwealth university,US,united states,L,7.1,8.5,38.8,12.8,9.7,3.2,73.5,8.2,8.5,,456.0,virginia commonwealth university,united states,25537.0,10.5,4,64 : 36,47.42799999999999,36.9,23.3,80.6,73.2,35.7,2025,57.67999999999999,6.85,56.4412211668928,85.75305291723203,73.2,51.94992740841248
,801-850,australian catholic university,AU,australia,L,8.2,8.9,5.1,12.1,71.0,41.7,33.9,1.7,2.7,,413.0,australian catholic university,australia,23279.0,34.8,20,76 : 24,48.88,16.7,25.4,97.1,25.0,86.1,2025,68.41999999999999,45.5,31.132618724559027,52.78154681139756,25.0,45.418416553595655
,1001-1200,future university in egypt,EG,egypt,M,4.8,34.7,34.9,2.0,11.7,21.7,40.0,2.9,1.1,,786.0,future university in egypt,egypt,8212.0,9.6,11,43 : 57,38.5005,22.3,10.4,78.0,16.9,64.4,2025,50.959999999999994,11.35,48.16968792401629,86.97421981004071,16.9,38.93289077340569
,1401+,georgian technical university,GE,georgia,L,7.1,6.6,1.0,46.9,,,5.4,25.9,1.0,,1824.0,georgian technical university,georgia,17268.0,13.8,2,19 : 81,19.5315,28.4,9.3,16.0,16.6,39.9,2025,13.32,,49.55017639077341,81.27544097693352,16.6,
,1001-1200,german jordanian university,JO,jordan,S,8.6,15.1,21.4,5.6,65.3,16.3,17.8,8.5,1.5,,1273.0,german jordanian university,jordan,3045.0,10.1,16,39 : 61,29.2975,22.1,12.1,40.7,23.1,81.8,2025,29.26,40.65,47.778317503392124,86.29579375848031,23.1,36.525911126187246
,851-900,kanazawa university,JP,japan,M,10.5,3.9,55.1,12.2,8.1,5.8,31.9,1.8,1.6,,1133.0,kanazawa university,japan,10229.0,9.8,6,37 : 63,31.8505,34.7,20.0,34.5,72.1,34.4,2025,28.7,7.05,55.50113975576662,86.70284938941656,72.1,41.34289891451832
,801-850,louisiana state university,US,united states,XL,9.5,6.7,7.8,12.9,8.6,3.8,52.3,18.8,52.8,,636.0,louisiana state university,united states,32512.0,20.6,4,56 : 44,42.225,34.3,22.1,65.4,65.5,46.1,2025,48.080000000000005,6.3,49.39953867028494,72.04884667571234,65.5,44.88783853459972
,951-1000,makerere university,UG,uganda,XL,11.0,4.2,3.4,4.5,9.6,7.5,64.8,98.3,3.5,,1380.0,makerere university,uganda,28240.0,18.4,2,46 : 54,27.410499999999995,20.9,6.4,45.1,20.1,67.4,2025,29.619999999999997,5.8,42.55356852103121,75.03392130257802,20.1,29.145748982360924
,851-900,north south university,BD,bangladesh,L,13.3,48.1,6.1,2.7,7.9,1.1,24.5,6.6,1.5,,919.0,north south university,bangladesh,16938.0,18.3,0,43 : 57,35.9735,14.8,10.7,80.3,24.3,45.9,2025,52.46,3.95,38.94784260515604,75.1696065128901,24.3,36.23024491180462
,721-730,osaka metropolitan university,JP,japan,L,12.4,11.6,51.3,6.5,4.6,3.1,29.3,5.9,1.1,,1331.0,osaka metropolitan university,japan,15750.0,11.5,4,37 : 63,28.3105,29.2,19.6,29.3,80.5,26.7,2025,25.419999999999998,4.3,51.27848032564451,84.39620081411127,80.5,39.56446811397558
,901-950,robert gordon university,UK,united kingdom,M,3.7,11.5,5.6,5.3,62.6,74.1,35.8,5.6,5.8,,944.0,robert gordon university,united kingdom,10040.0,19.7,29,61 : 39,35.5225,17.2,13.4,61.4,38.0,88.3,2025,42.199999999999996,45.8,39.62800542740842,73.27001356852104,38.0,41.20980189959295
,951-1000,university of calabria,IT,italy,M,6.8,2.3,5.5,22.6,8.3,6.2,81.4,1.7,29.6,,662.0,university of calabria,italy,9324.0,13.8,6,55 : 45,41.51349999999999,36.5,20.3,64.9,55.6,42.2,2025,47.06,7.15,54.41017639077341,81.27544097693352,55.6,44.92706173677068
,851-900,university of east london,UK,united kingdom,L,3.6,3.6,3.1,6.2,73.1,100.0,33.3,7.6,1.1,,1107.0,university of east london,united kingdom,14315.0,24.7,48,53 : 47,32.327,20.9,15.4,46.4,30.7,87.3,2025,34.0,60.55,39.13430122116689,66.48575305291723,30.7,39.28450542740841
,951-1000,university of lodz,PL,poland,L,11.5,4.1,39.5,3.4,4.0,11.3,70.9,16.3,1.9,,1602.0,university of lodz,poland,21408.0,14.0,10,62 : 38,23.581,21.1,17.0,29.3,20.6,37.5,2025,24.38,7.0,45.06162822252375,81.00407055630936,20.6,28.44456987788331
,851-900,university of maribor,SI,slovenia,L,8.0,6.6,29.2,6.8,1.8,13.0,61.0,33.4,9.1,,1350.0,university of maribor,slovenia,13011.0,13.8,12,54 : 46,27.9155,21.3,18.0,39.2,45.8,37.6,2025,30.72,6.9,45.29017639077341,81.27544097693352,45.8,34.508561736770694
,901-950,university of murcia,ES,spain,L,11.7,2.9,24.5,6.8,1.7,3.9,79.8,3.7,44.9,,1039.0,university of murcia,spain,30210.0,17.2,5,63 : 37,33.57,23.4,19.8,52.9,57.0,37.0,2025,39.66,3.35,44.704857530529175,76.66214382632293,57.0,38.58020013568521
,1001-1200,university of nairobi,KE,kenya,XL,10.0,11.7,20.1,1.8,,,50.1,92.5,1.8,,1691.0,university of nairobi,kenya,52685.0,34.4,2,24 : 76,22.1805,12.5,9.8,37.3,18.9,49.4,2025,26.3,,28.829715061058348,53.324287652645864,18.9,
,951-1000,university of peshawar,PK,pakistan,M,6.9,9.9,34.3,21.4,,1.9,42.9,15.3,1.1,,1045.0,university of peshawar,pakistan,20550.0,42.8,0,18 : 82,33.4455,19.7,12.3,64.7,26.8,47.8,2025,43.74,,28.590691994572595,41.92672998643148,26.8,
,851-900,university of salford,UK,united kingdom,L,6.8,3.9,6.4,6.9,36.7,69.8,63.6,9.6,5.8,,840.0,university of salford,united kingdom,20825.0,21.3,27,55 : 45,37.4615,19.7,15.3,62.5,53.7,84.2,2025,43.620000000000005,31.85,40.25962008141113,71.09905020352782,53.7,42.190367028493895
,851-900,worcester polytechnic institute,US,united states,M,3.5,5.2,17.4,26.2,42.0,23.5,25.6,8.3,1.9,,677.0,worcester polytechnic institute,united states,6272.0,13.6,14,38 : 62,41.175,30.0,22.5,62.9,66.0,57.2,2025,46.739999999999995,28.0,50.618724559023065,81.54681139755766,66.0,48.175553595658066
,1001-1200,yerevan state university,AM,armenia,M,7.0,2.9,51.4,1.3,5.1,1.7,20.0,87.4,1.0,,1955.0,yerevan state university,armenia,13923.0,8.0,3,53 : 47,16.238999999999997,24.8,8.8,8.7,20.9,39.0,2025,8.74,4.05,50.53807327001357,89.14518317503392,20.9,24.489825644504748
,801-850,yokohama city university,JP,japan,M,3.4,2.4,96.2,10.3,5.4,2.4,10.5,3.1,1.0,,1009.0,yokohama city university,japan,5131.0,5.5,2,55 : 45,34.195,28.0,10.8,60.2,64.2,29.0,2025,40.44,3.7,53.81492537313433,92.53731343283582,64.2,43.17422388059701
,901-950,athens university of economics and business,GR,greece,M,7.6,29.3,1.7,20.0,1.6,3.1,14.0,20.9,2.4,,1021.0,athens university of economics and business,greece,8957.0,45.9,5,46 : 54,33.8475,18.2,23.5,52.6,62.9,44.9,2025,40.96,3.3,26.00819538670285,37.72048846675713,62.9,33.368868385346
,801-850,auburn university,US,united states,L,7.1,7.7,7.6,17.2,27.6,6.0,54.7,16.4,10.9,,637.0,auburn university,united states,28249.0,18.3,8,51 : 49,42.224,35.0,26.7,56.8,69.9,57.6,2025,44.76,17.8,51.067842605156045,75.1696065128901,69.9,46.69474491180461
,1001-1200,baku state university,AZ,azerbaijan,L,12.9,5.5,41.7,1.4,5.3,2.2,16.7,47.7,1.3,,1873.0,baku state university,azerbaijan,22120.0,12.6,2,61 : 39,18.3445,22.9,9.1,17.8,19.0,38.0,2025,14.32,3.65,46.90146540027136,82.90366350067842,19.0,24.82501289009498
,801-850,clark university,US,united states,S,2.6,2.5,18.9,16.7,13.2,84.7,20.2,13.6,6.5,,800.0,clark university,united states,3176.0,11.3,23,56 : 44,38.24499999999999,28.0,19.8,57.4,44.7,69.8,2025,42.36,18.1,50.667028493894165,84.66757123473542,44.7,41.979459972862955
,901-950,hallym university,KR,south korea,M,2.8,1.8,94.4,6.9,3.8,2.2,5.7,1.7,1.1,,1265.0,hallym university,south korea,7752.0,8.6,3,,29.434500000000003,27.2,21.0,36.6,65.2,23.1,2025,30.36,3.4,51.652428765264595,88.33107191316148,65.2,38.9943500678426
,951-1000,khon kaen university,TH,thailand,XL,17.2,10.7,7.4,4.4,5.3,2.3,50.9,4.4,31.8,,1199.0,khon kaen university,thailand,32679.0,17.1,2,62 : 38,30.663,30.3,16.4,41.4,46.4,35.9,2025,31.4,3.65,48.899131614654,76.79782903663501,46.4,35.6121960651289
,901-950,kumamoto university,JP,japan,M,7.1,2.8,55.2,12.6,7.2,3.5,35.1,2.9,8.0,,1043.0,kumamoto university,japan,9291.0,9.1,6,38 : 62,33.4895,32.6,18.8,40.8,81.2,39.1,2025,31.999999999999996,6.6,54.621058344640446,87.6526458616011,81.2,43.487370420624146
,1001-1200,mansoura university,EG,egypt,XL,14.1,12.0,3.3,2.6,6.7,5.7,74.7,4.4,40.4,,801.0,mansoura university,egypt,185564.0,40.8,6,52 : 48,38.217,20.3,13.0,70.6,37.4,77.1,2025,47.559999999999995,6.35,30.036173677069204,44.640434192673005,37.4,33.72116078697422
,851-900,niigata university,JP,japan,L,4.9,3.2,85.3,3.8,4.6,3.1,18.4,5.7,1.8,,1239.0,niigata university,japan,11975.0,7.2,3,37 : 63,29.9125,30.5,15.6,40.8,49.4,29.0,2025,30.72,3.8,54.39226594301222,90.23066485753053,49.4,37.769293080054275
,901-950,prince of songkla university,TH,thailand,XL,21.6,5.6,16.4,3.3,5.3,1.9,40.3,3.9,24.2,,1397.0,prince of songkla university,thailand,33413.0,12.9,2,69 : 31,27.134999999999994,24.3,15.3,35.8,48.3,38.1,2025,27.599999999999998,3.65,47.578643147896884,82.4966078697422,48.3,34.10502510176391
,901-950,sophia university,JP,japan,L,12.7,19.9,21.9,1.8,34.5,10.8,8.6,11.7,5.2,,1854.0,sophia university,japan,13078.0,12.8,10,61 : 39,18.792,21.4,11.1,13.6,33.5,51.2,2025,12.600000000000001,22.25,45.89291723202171,82.63229308005428,33.5,28.835021031207596
,951-1000,the university of alabama,US,united states,XL,10.0,20.3,5.3,11.9,5.3,2.5,54.9,10.7,6.7,,835.0,the university of alabama,united states,35247.0,21.0,3,57 : 43,37.55499999999999,27.1,22.1,61.3,46.1,38.9,2025,45.62,4.15,44.86244233378562,71.50610583446404,46.1,39.20635481682497
,901-950,university of central lancashire,UK,united kingdom,L,5.4,4.9,10.9,3.8,35.5,82.0,53.9,2.1,1.5,,996.0,university of central lancashire,united kingdom,21475.0,15.6,31,58 : 42,34.537,19.1,13.7,57.3,37.3,83.3,2025,39.86,33.25,42.99324287652646,78.83310719131615,37.3,39.58113500678426
,1001-1200,university of colombo,LK,sri lanka,L,13.1,18.0,2.5,3.2,1.1,1.2,19.3,69.6,16.3,,1096.0,university of colombo,sri lanka,35606.0,30.7,1,61 : 39,32.5665,24.9,10.1,60.8,24.8,40.8,2025,40.519999999999996,1.05,38.277856173677065,58.34464043419268,24.8,31.45674966078697
,901-950,university of denver,US,united states,M,5.4,7.4,42.2,7.8,7.7,5.8,32.7,25.6,9.9,,614.0,university of denver,united states,10553.0,13.7,5,61 : 39,42.7795,37.7,24.7,64.3,55.5,39.8,2025,48.46,6.35,55.18445047489824,81.41112618724559,55.5,45.553057666214386
,851-900,university of parma,IT,italy,XL,9.5,2.7,2.9,25.4,3.8,9.1,69.4,9.2,2.3,,699.0,university of parma,italy,31192.0,32.6,7,59 : 41,40.536,20.4,23.7,73.8,66.0,38.2,2025,53.75999999999999,5.4,34.54664857530529,55.76662143826323,66.0,41.61732700135685
,1001-1200,university of regina,CA,canada,L,3.3,2.5,3.9,21.0,7.3,38.3,39.1,4.1,44.6,,806.0,university of regina,canada,13245.0,24.0,27,63 : 37,38.11449999999999,18.6,20.4,66.5,37.6,70.1,2025,48.06,17.15,38.134219810040705,67.43554952510176,37.6,38.380476933514245
,951-1000,university of the western cape,ZA,south africa,L,8.6,5.3,4.1,14.1,25.2,3.7,76.8,21.0,2.2,,751.0,university of the western cape,south africa,23755.0,34.8,5,63 : 37,39.2095,23.8,24.8,63.9,23.6,65.1,2025,48.26,15.1,35.39261872455903,52.78154681139756,23.6,35.08341655359566
,1001-1200,yarmouk university,JO,jordan,L,14.1,20.1,3.1,2.6,7.3,8.8,45.3,33.8,7.5,,1139.0,yarmouk university,jordan,23499.0,21.5,13,57 : 43,31.7495,22.7,13.8,52.6,24.9,57.0,2025,37.08,10.15,41.951071913161464,70.82767978290366,24.9,32.918375169606506
,951-1000,yeungnam university,KR,south korea,L,3.8,2.9,13.4,26.9,34.2,7.5,43.9,2.7,1.6,,625.0,yeungnam university,south korea,18876.0,15.1,5,50 : 50,42.45,24.3,21.2,73.8,56.9,62.9,2025,52.75999999999999,19.6,46.38461329715061,79.51153324287652,56.9,46.1756146540027
,1201-1400,al-azhar university,EG,egypt,XL,13.1,10.3,11.0,1.4,1.4,9.5,58.3,22.6,1.1,,953.0,al-azhar university,egypt,270123.0,21.6,9,42 : 58,35.2855,19.9,11.5,69.7,22.0,57.2,2025,46.42,5.2,40.216797829036636,70.69199457259158,22.0,34.40287924016282
,1001-1200,aligarh muslim university,IN,india,L,11.1,2.8,16.2,12.1,1.0,1.4,46.0,2.7,13.2,,679.0,aligarh muslim university,india,19237.0,11.6,1,42 : 58,41.152,42.4,15.3,65.9,36.3,39.8,2025,45.66,1.0,59.14420624151967,84.26051560379918,36.3,42.27647218453188
,1001-1200,"arab academy for science, technology and maritime transport",EG,egypt,L,7.4,8.4,33.0,1.5,6.8,20.4,29.8,11.4,1.6,,1213.0,"arab academy for science, technology and maritime transport",egypt,35916.0,12.6,9,32 : 68,30.4025,29.4,17.0,39.4,26.8,52.1,2025,30.439999999999998,7.9,50.80146540027137,82.90366350067842,26.8,33.63951289009498
,1001-1200,assiut university,EG,egypt,XL,11.4,9.8,13.6,2.2,11.8,3.5,56.0,2.5,5.4,,1298.0,assiut university,egypt,96739.0,16.5,6,40 : 60,28.951,19.0,11.3,49.2,23.6,58.2,2025,34.04,8.9,42.44477611940299,77.61194029850746,23.6,31.644671641791042
,1201-1400,azerbaijan state oil and industry university,AZ,azerbaijan,L,7.3,5.3,29.9,1.1,17.4,2.6,6.6,31.4,,,2019.0,azerbaijan state oil and industry university,azerbaijan,14876.0,12.5,3,32 : 68,14.798999999999998,21.1,7.6,10.7,16.2,33.5,2025,9.459999999999999,10.2,45.875739484396206,83.0393487109905,16.2,23.32750881953867
,1001-1200,banaras hindu university,IN,india,L,13.5,8.0,12.4,9.0,1.2,1.7,56.4,8.8,2.7,,623.0,banaras hindu university,india,13954.0,8.9,3,43 : 57,42.4915,48.7,17.9,65.9,29.6,26.4,2025,46.7,2.1,64.38960651289008,87.92401628222522,29.6,43.63636227951152
,1001-1200,baylor university,US,united states,L,6.1,9.1,11.9,7.5,2.4,3.8,41.8,11.6,4.0,,727.0,baylor university,united states,20958.0,18.3,6,61 : 39,39.8275,40.6,21.6,56.4,45.6,37.9,2025,42.48,4.2,54.427842605156044,75.1696065128901,45.6,41.38774491180462
,1001-1200,birmingham city university,UK,united kingdom,L,6.2,4.4,7.3,3.2,42.0,73.8,27.2,6.5,1.4,,908.0,birmingham city university,united kingdom,25145.0,17.2,28,63 : 37,36.187,18.3,12.1,66.6,23.3,84.9,2025,44.8,35.0,41.64485753052918,76.66214382632293,23.3,39.00070013568521
,1001-1200,brac university,BD,bangladesh,L,11.6,27.9,10.0,2.0,2.0,1.4,21.4,3.8,1.1,,1079.0,brac university,bangladesh,16494.0,18.3,0,43 : 57,32.834,14.1,11.7,71.4,19.1,41.3,2025,47.52,1.0,38.52784260515604,75.1696065128901,19.1,33.13174491180462
,1001-1200,canterbury christ church university,UK,united kingdom,L,5.1,2.2,4.7,3.7,34.5,87.6,17.7,1.3,1.0,,1214.0,canterbury christ church university,united kingdom,10450.0,17.3,16,68 : 32,30.3725,24.4,13.4,45.7,18.9,64.3,2025,32.78,25.25,45.25058344640434,76.52645861601086,18.9,33.93320420624152
,1001-1200,chung yuan christian university,TW,taiwan,L,6.3,5.3,4.3,15.6,3.9,6.7,15.1,22.4,7.9,,1261.0,chung yuan christian university,taiwan,15224.0,31.4,7,47 : 53,29.4755,17.7,25.7,36.9,64.9,41.8,2025,32.42,5.45,33.57793758480326,57.394843962008146,64.9,33.65177815468114
,1001-1200,chungbuk national university,KR,south korea,M,3.8,2.7,34.1,10.3,10.5,7.7,27.4,1.7,15.4,,1120.0,chungbuk national university,south korea,12764.0,13.9,7,44 : 56,32.1065,31.9,27.9,33.0,56.5,32.6,2025,30.96,8.75,51.59590230664858,81.13975576662145,56.5,38.68206580732701
,1001-1200,dankook university,KR,south korea,L,5.8,4.0,59.2,3.0,4.2,7.1,13.0,2.9,4.1,,1510.0,dankook university,south korea,26348.0,24.3,5,54 : 46,25.0105,25.2,17.6,27.8,54.0,26.3,2025,23.72,4.6,41.931397557666216,67.02849389416554,54.0,31.767989145183172
,1001-1200,ege university,TR,turkey,L,10.0,13.6,15.8,3.2,1.3,7.8,68.6,2.1,1.4,,1360.0,ege university,turkey,31178.0,20.0,4,54 : 46,27.839,31.3,15.1,33.1,58.1,26.3,2025,25.9,2.65,47.92518317503392,72.86295793758481,58.1,34.951314111261865
,951-1000,george mason university,US,united states,XL,8.8,4.8,12.4,9.2,10.0,15.3,60.9,11.9,22.5,,434.0,george mason university,united states,32428.0,17.2,11,53 : 47,48.291,28.9,28.8,81.2,62.9,60.5,2025,60.24,10.5,48.00485753052918,76.66214382632293,62.9,48.89570013568522
,951-1000,gifu university,JP,japan,M,6.6,2.3,57.9,7.6,4.3,3.3,20.6,1.8,3.1,,1281.0,gifu university,japan,7108.0,14.4,4,38 : 62,29.174,29.4,23.3,29.4,67.6,29.6,2025,26.959999999999997,4.15,49.82453188602442,80.46132971506105,67.6,37.63708616010854
,1001-1200,glasgow caledonian university,UK,united kingdom,L,5.2,5.4,4.3,6.3,30.1,34.9,37.2,6.8,23.5,,891.0,glasgow caledonian university,united kingdom,15255.0,24.0,21,58 : 42,36.4515,18.5,13.7,63.9,47.4,79.4,2025,43.81999999999999,25.55,38.07421981004071,67.43554952510176,47.4,39.60547693351425
,951-1000,gunma university,JP,japan,M,3.5,1.9,85.8,4.7,4.0,3.2,8.7,1.9,1.0,,1578.0,gunma university,japan,6149.0,7.5,5,39 : 61,23.9355,28.0,14.3,23.2,63.4,27.1,2025,19.64,4.5,52.72944369063772,89.8236092265943,63.4,35.514305291723204
,1001-1200,hungarian university of agriculture and life sciences,HU,hungary,M,6.0,4.9,30.4,3.2,2.2,29.2,53.5,3.6,1.3,,1177.0,hungarian university of agriculture and life sciences,hungary,9202.0,10.9,15,53 : 47,30.9465,32.4,12.6,40.4,24.3,61.9,2025,29.279999999999998,8.6,53.52412483039349,85.21031207598372,24.3,33.91644369063772
,951-1000,islamic university of madinah,SA,saudi arabia,L,5.5,1.9,6.6,1.5,36.3,100.0,10.3,2.1,1.0,,1000.0,islamic university of madinah,saudi arabia,16233.0,18.7,78,2 : 98,34.4415,31.0,10.5,49.4,22.1,87.3,2025,33.839999999999996,57.15,48.450746268656715,74.62686567164178,22.1,40.68926119402985
,1001-1200,kagoshima university,JP,japan,M,6.1,2.9,63.6,3.5,3.8,2.8,26.6,1.7,1.0,,1662.0,kagoshima university,japan,10201.0,10.4,3,39 : 61,22.7315,25.8,13.6,23.2,54.6,27.1,2025,19.36,3.4,49.83549525101765,85.8887381275441,54.6,32.918423337856176
,1001-1200,kangwon national university,KR,south korea,L,4.8,4.7,22.2,8.2,4.7,2.6,27.6,2.8,34.5,,1349.0,kangwon national university,south korea,20159.0,19.9,3,41 : 59,27.918000000000003,23.4,24.1,33.7,52.9,24.0,2025,29.860000000000003,3.85,43.239457259158755,72.99864314789689,52.9,34.097310040705565
,1001-1200,leeds beckett university,UK,united kingdom,L,4.5,5.9,3.8,7.5,39.1,27.4,24.8,8.5,1.5,,876.0,leeds beckett university,united kingdom,19950.0,17.7,18,54 : 46,36.873,17.8,15.5,66.1,47.8,71.8,2025,45.86,28.55,41.073487109905024,75.98371777476255,47.8,41.87922048846676
,1001-1200,lodz university of technology,PL,poland,M,5.0,3.4,46.2,8.9,3.3,4.0,50.7,3.2,4.0,,1477.0,lodz university of technology,poland,10887.0,12.2,5,39 : 61,25.6675,23.4,15.9,30.7,61.9,32.9,2025,24.779999999999998,4.15,47.41856173677069,83.44640434192672,61.9,35.17699660786974
,901-950,london metropolitan university,UK,united kingdom,M,5.0,3.0,3.8,3.3,59.5,100.0,16.1,13.5,1.0,,775.0,london metropolitan university,united kingdom,9180.0,22.4,50,65 : 35,38.667,16.5,13.5,72.7,30.3,91.5,2025,49.019999999999996,54.75,37.742605156037996,69.60651289009499,30.3,43.124411804613295
,951-1000,lviv polytechnic national university,UA,ukraine,L,8.4,13.5,28.4,1.9,1.4,1.2,18.9,15.2,11.5,,1806.0,lviv polytechnic national university,ukraine,29733.0,15.5,1,53 : 47,19.809,16.5,11.7,28.8,21.9,27.1,2025,21.96,1.2,41.48751696065129,78.96879240162822,21.9,25.671630936227952
,1201-1400,marmara university,TR,turkey,XL,8.1,11.4,4.4,2.4,2.9,4.2,45.3,23.9,2.7,,1633.0,marmara university,turkey,66083.0,30.3,5,51 : 49,23.1215,23.9,11.5,31.1,28.9,30.0,2025,23.26,3.95,37.894952510176395,58.88738127544099,28.9,26.33173337856174
,1001-1200,mississippi state university,US,united states,L,6.2,3.6,7.4,17.4,8.9,3.1,50.6,7.1,4.5,,746.0,mississippi state university,united states,21056.0,14.4,4,53 : 47,39.361,28.3,20.5,62.2,64.0,51.3,2025,45.52,6.45,49.16453188602442,80.46132971506105,64.0,43.707086160108545
,1001-1200,mustansiriyah university,IQ,iraq,XL,5.0,8.4,51.2,1.3,35.7,3.6,14.0,4.2,1.1,,1846.0,mustansiriyah university,iraq,32064.0,8.3,1,56 : 44,18.927,25.2,8.9,18.0,21.8,35.2,2025,14.36,18.35,50.615251017639075,88.7381275440977,21.8,28.763837856173676
,1001-1200,mutah university,JO,jordan,M,9.1,11.0,11.0,1.8,10.1,32.5,25.7,7.3,1.6,,1373.0,mutah university,jordan,10123.0,14.2,19,56 : 44,27.5715,28.0,12.8,33.6,20.8,62.5,2025,25.28,14.55,49.09308005427408,80.7327001356852,20.8,31.333078018995927
,901-950,national chung cheng university,TW,taiwan,M,12.5,24.9,14.5,4.9,4.7,3.5,21.4,2.7,9.9,,1459.0,national chung cheng university,taiwan,9145.0,16.3,4,45 : 55,25.9675,22.2,22.7,26.0,73.2,28.1,2025,24.68,4.35,44.473324287652645,77.88331071913161,73.2,35.836163500678424
,1001-1200,panjab university,IN,india,L,7.8,7.3,6.2,24.1,,1.7,30.9,31.8,2.4,,763.0,panjab university,india,17591.0,16.8,1,63 : 37,38.888,35.7,18.0,65.6,41.6,23.9,2025,46.559999999999995,,52.3019538670285,77.20488466757124,41.6,
,1001-1200,san diego state university,US,united states,XL,5.4,3.0,3.3,14.3,5.2,3.5,68.7,15.8,9.4,,1029.0,san diego state university,united states,31770.0,26.8,5,58 : 42,33.7015,22.1,12.4,62.1,56.4,36.0,2025,42.22,5.1,38.71454545454546,63.63636363636365,56.4,37.55209090909091
,1001-1200,sheffield hallam university,UK,united kingdom,L,6.7,8.6,9.5,4.5,33.6,33.1,50.4,8.6,2.2,,967.0,sheffield hallam university,united kingdom,26060.0,17.1,18,55 : 45,34.98349999999999,18.9,14.0,62.0,33.7,72.0,2025,42.8,25.8,42.059131614654,76.79782903663501,33.7,38.62569606512889
,1001-1200,shinshu university,JP,japan,M,3.6,3.2,34.9,11.2,5.5,2.6,24.1,1.8,1.1,,1410.0,shinshu university,japan,10605.0,10.4,3,32 : 68,26.9405,26.8,17.6,30.4,61.2,31.5,2025,25.28,4.25,50.43549525101764,85.8887381275441,61.2,36.31792333785617
,1001-1200,silesian university of technology,PL,poland,L,6.8,3.8,30.3,7.0,2.9,3.3,63.4,9.5,1.4,,1271.0,silesian university of technology,poland,16622.0,11.2,5,31 : 69,29.324000000000005,24.2,16.3,44.6,42.7,31.6,2025,33.28,3.95,48.44130257801899,84.80325644504748,42.7,35.59995590230665
,,slovak university of agriculture in nitra,SK,slovakia,S,8.5,9.0,25.8,7.2,7.1,4.4,29.0,4.9,1.0,,1515.0,slovak university of agriculture in nitra,slovakia,4503.0,12.1,5,54 : 46,24.9295,27.0,12.2,29.5,21.6,49.5,2025,22.58,6.05,49.63283582089552,83.5820895522388,21.6,29.42199253731343
,1001-1200,slovak university of technology in bratislava,SK,slovakia,M,9.1,9.0,38.8,3.8,2.4,6.5,48.3,15.0,1.0,,1594.0,slovak university of technology in bratislava,slovakia,10976.0,14.7,16,31 : 69,23.717,27.1,13.2,23.2,41.8,43.5,2025,19.2,9.2,48.28170963364994,80.05427408412483,41.8,31.268598371777475
,1001-1200,soonchunhyang university,KR,south korea,M,5.6,4.7,55.2,5.7,5.5,3.9,11.7,1.8,6.4,,1240.0,soonchunhyang university,south korea,8847.0,18.8,6,51 : 49,29.88,24.0,27.9,33.1,54.6,34.6,2025,31.02,5.75,44.196472184531885,74.49118046132972,54.6,35.37826526458616
,1201-1400,srm institute of science and technology,IN,india,XL,8.6,16.0,13.4,4.0,1.5,1.6,56.2,1.8,12.7,,1183.0,srm institute of science and technology,india,52953.0,13.6,2,37 : 63,30.824,23.2,12.1,58.3,25.4,26.2,2025,39.81999999999999,1.75,46.538724559023066,81.54681139755766,25.4,34.29805359565807
,951-1000,sumy state university,UA,ukraine,M,5.8,5.3,35.1,2.5,3.1,40.5,28.9,3.8,7.5,,921.0,sumy state university,ukraine,8253.0,13.5,16,41 : 59,35.9465,17.9,15.5,69.8,22.4,57.8,2025,48.08,9.55,43.4129986431479,81.68249660786975,22.4,36.81504952510176
,1001-1200,széchenyi istván university,HU,hungary,M,9.2,31.2,25.0,1.6,3.4,6.7,7.4,3.9,3.5,,1799.0,széchenyi istván university,hungary,9697.0,15.6,6,45 : 55,19.8945,18.9,13.1,23.7,27.5,30.8,2025,19.46,4.7,42.873242876526454,78.83310719131615,27.5,26.64663500678426
,1001-1200,taibah university,SA,saudi arabia,XL,6.1,2.1,4.5,3.6,94.4,2.0,38.6,2.0,1.1,,1160.0,taibah university,saudi arabia,57535.0,24.2,2,61 : 39,31.3095,14.3,10.6,58.4,20.3,75.8,2025,39.28,48.2,35.445671641791044,67.16417910447761,20.3,36.428985074626866
,1001-1200,tallinn university,EE,estonia,M,9.0,4.3,7.9,5.5,43.8,19.4,49.4,31.0,1.0,,1076.0,tallinn university,estonia,4469.0,9.6,15,72 : 28,32.908,25.1,24.3,43.6,22.1,59.9,2025,35.88,29.4,49.84968792401629,86.97421981004071,22.1,37.730390773405695
,1001-1200,telkom university,ID,indonesia,L,8.7,12.1,21.3,1.5,35.5,6.5,10.0,5.7,1.5,,1583.0,telkom university,indonesia,18936.0,16.1,8,37 : 63,23.897,15.2,12.2,36.0,32.0,50.6,2025,26.479999999999997,21.75,40.381872455902304,78.15468113975577,32.0,31.464155359565805
,1201-1400,the hashemite university,JO,jordan,L,9.4,14.6,4.2,3.6,7.2,14.6,39.1,3.6,2.4,,1193.0,the hashemite university,jordan,18207.0,21.5,17,62 : 38,30.698,13.7,15.3,53.4,31.8,65.7,2025,38.16,12.1,36.551071913161465,70.82767978290366,31.8,32.73387516960651
,1001-1200,tokushima university,JP,japan,M,4.4,1.8,64.0,5.6,2.5,2.2,18.4,4.1,1.0,,1340.0,tokushima university,japan,7467.0,9.6,2,36 : 64,28.0785,29.6,21.4,25.6,88.7,25.5,2025,23.92,2.25,52.54968792401628,86.97421981004071,88.7,40.40689077340569
,951-1000,tokyo metropolitan university,JP,japan,M,12.8,5.5,32.0,11.4,7.3,4.5,29.5,4.0,1.1,,1450.0,tokyo metropolitan university,japan,8823.0,10.4,6,39 : 61,26.171000000000003,30.0,16.1,26.5,50.8,35.6,2025,22.34,6.65,52.35549525101764,85.8887381275441,50.8,34.76092333785617
,1001-1200,universidad autónoma chapingo,MX,mexico,M,3.7,2.5,80.2,1.4,2.6,1.3,3.8,4.8,1.0,,1932.0,universidad autónoma chapingo,mexico,10586.0,10.6,0,47 : 53,16.785,24.1,17.9,6.6,16.3,24.7,2025,11.12,1.3,48.70694708276798,85.61736770691995,16.3,23.579431478968793
,1001-1200,universidad del valle,CO,colombia,XL,18.1,8.2,7.7,1.9,2.1,1.3,20.5,21.4,1.7,,1918.0,universidad del valle,colombia,32768.0,8.1,1,50 : 50,17.037000000000003,24.0,9.0,12.1,19.8,39.0,2025,10.86,1.55,50.00379918588874,89.00949796472185,19.8,24.504829715061057
,1001-1200,universitas sebelas maret,ID,indonesia,XL,12.9,16.3,16.0,1.5,17.1,2.8,14.9,2.4,9.3,,1392.0,universitas sebelas maret,indonesia,27868.0,16.9,2,64 : 36,27.2055,20.0,22.0,33.8,49.7,37.3,2025,29.08,9.55,42.827679782903665,77.06919945725916,49.7,34.05518792401628
,1001-1200,université de poitiers,FR,france,L,7.9,1.7,5.4,5.2,,26.4,75.3,6.7,2.1,,1105.0,université de poitiers,france,29514.0,28.9,12,57 : 43,32.3335,30.1,25.6,32.0,43.0,62.8,2025,29.44,,42.37478968792402,60.78697421981004,43.0,
,1001-1200,universiti malaysia sarawak (unimas),MY,malaysia,M,13.2,7.3,13.1,3.2,34.8,10.5,28.9,3.7,9.1,,1232.0,universiti malaysia sarawak (unimas),malaysia,12296.0,15.8,13,70 : 30,30.0145,30.2,20.9,25.0,73.3,61.5,2025,23.36,23.9,49.5446947082768,78.56173677069201,73.3,40.09664314789688
,1001-1200,universiti malaysia terengganu (umt),MY,malaysia,M,10.5,4.3,12.0,12.2,11.1,12.1,50.2,3.7,18.2,,1065.0,universiti malaysia terengganu (umt),malaysia,10370.0,17.0,7,69 : 31,33.1675,18.4,21.1,52.8,36.7,57.5,2025,40.12,9.05,41.81340569877884,76.93351424694708,36.7,35.53919199457259
,1001-1200,university of derby,UK,united kingdom,L,4.8,4.8,10.7,5.1,29.1,45.5,45.7,2.1,2.4,,780.0,university of derby,united kingdom,15655.0,14.9,21,60 : 40,38.621,19.1,13.8,73.0,30.3,78.3,2025,49.32,25.05,43.37316146540027,79.78290366350068,30.3,40.745106512890096
,1001-1200,university of deusto,ES,spain,M,6.3,24.9,4.6,7.8,4.7,14.5,24.2,45.0,1.1,,1108.0,university of deusto,spain,10986.0,20.4,12,57 : 43,32.2555,20.4,23.7,47.5,38.8,47.5,2025,37.980000000000004,8.35,41.168086838534606,72.3202170963365,38.8,34.77433039348711
,1401+,university of ibadan,NG,nigeria,XL,9.9,7.8,5.2,3.5,,,65.8,69.3,2.2,,1013.0,university of ibadan,nigeria,37598.0,17.9,1,51 : 49,34.129,30.1,13.4,57.8,20.9,42.5,2025,40.04,,48.34493894165536,75.7123473541384,20.9,
,1001-1200,university of ioannina,GR,greece,XL,7.2,3.8,1.5,19.5,1.7,2.5,61.3,3.6,2.0,,1263.0,university of ioannina,greece,34419.0,42.2,3,45 : 55,29.4565,14.4,14.9,53.3,48.0,39.7,2025,37.94,2.35,25.736336499321578,42.74084124830394,48.0,29.83921777476255
,1001-1200,university of karachi,PK,pakistan,XL,11.6,16.1,1.6,4.9,3.5,1.1,36.8,42.8,1.2,,1822.0,university of karachi,pakistan,47660.0,39.6,0,60 : 40,19.548,15.3,11.0,24.2,29.3,45.5,2025,18.92,1.75,27.687462686567162,46.26865671641791,29.3,20.970111940298505
,1401+,university of lagos,NG,nigeria,XL,8.4,7.5,2.2,2.6,,,34.0,87.6,1.3,,1104.0,university of lagos,nigeria,40197.0,24.4,0,50 : 50,32.3425,15.7,14.9,64.5,21.5,42.4,2025,44.66,,36.177123473541386,66.89280868385346,21.5,
,1001-1200,university of north carolina at charlotte,US,united states,L,5.1,5.8,5.0,13.4,8.7,6.2,65.0,7.8,4.2,,630.0,university of north carolina at charlotte,united states,26172.0,20.1,7,50 : 50,42.354,23.3,21.4,79.3,62.3,39.9,2025,56.14,7.85,43.0709090909091,72.72727272727273,62.3,45.24631818181818
,1001-1200,university of novi sad,RS,serbia,XL,8.4,5.9,8.8,3.6,,,79.4,21.3,1.2,,1623.0,university of novi sad,serbia,49225.0,14.5,6,58 : 42,23.2695,19.4,11.8,30.0,57.8,37.5,2025,22.72,,43.7702578018996,80.32564450474898,57.8,
,1001-1200,university of rhode island,US,united states,L,5.6,3.5,6.7,16.2,5.2,2.6,48.9,11.8,54.1,,814.0,university of rhode island,united states,15800.0,17.2,3,58 : 42,37.875,27.8,21.5,58.1,51.6,52.6,2025,43.46,4.1,47.344857530529175,76.66214382632293,51.6,40.13670013568521
,1201-1400,university of sarajevo,BA,bosnia and herzegovina,L,4.4,1.6,4.6,1.9,,2.8,46.5,83.6,1.0,,1860.0,university of sarajevo,bosnia and herzegovina,22458.0,13.5,4,65 : 35,18.6635,20.2,11.2,20.8,26.6,28.7,2025,16.96,,44.7929986431479,81.68249660786975,26.6,
,951-1000,university of seoul,KR,south korea,M,11.0,9.7,36.7,8.8,5.5,6.9,24.0,5.3,4.9,,987.0,university of seoul,south korea,9927.0,14.3,7,42 : 58,34.6575,31.3,29.2,40.9,45.9,38.0,2025,36.22,6.25,51.01880597014925,80.59701492537313,45.9,38.35608208955224
,,university of tabuk,SA,saudi arabia,L,5.2,2.4,18.7,3.0,92.4,2.2,38.0,2.2,1.0,,873.0,university of tabuk,saudi arabia,19888.0,12.3,3,32 : 68,36.9,22.4,10.5,69.0,20.8,76.2,2025,45.6,47.7,46.76428765264586,83.31071913161466,20.8,42.60250067842605
,1001-1200,university of the free state,ZA,south africa,L,6.1,5.8,3.4,8.8,,4.4,92.4,11.6,1.7,,1109.0,university of the free state,south africa,31831.0,34.6,2,64 : 36,32.2185,21.7,20.0,49.3,34.3,51.4,2025,37.58,,34.241166892808685,53.05291723202171,34.3,
,1001-1200,university of the sunshine coast,AU,australia,L,3.6,1.9,2.6,25.2,2.7,16.4,48.3,1.6,6.5,,605.0,university of the sunshine coast,australia,10988.0,28.4,14,70 : 30,43.0415,21.0,28.2,70.7,56.9,69.1,2025,53.7,8.35,37.18616010854817,61.46540027137043,56.9,41.597656037991854
,1001-1200,university of toledo,US,united states,L,3.7,3.0,9.6,18.2,6.0,10.4,45.4,7.7,1.7,,784.0,university of toledo,united states,14982.0,16.2,9,54 : 46,38.56699999999999,36.4,17.5,53.3,62.6,56.8,2025,38.98,7.5,53.04759837177748,78.01899592944369,62.6,42.72465943012212
,1201-1400,university of warmia and mazury in olsztyn,PL,poland,L,6.9,8.9,28.6,3.7,2.0,2.7,40.6,3.2,7.1,,1537.0,university of warmia and mazury in olsztyn,poland,16211.0,18.0,3,61 : 39,24.6815,18.2,15.2,40.4,24.8,23.9,2025,30.32,2.5,41.15066485753053,75.57666214382633,24.8,29.109732700135684
,1001-1200,university of wolverhampton,UK,united kingdom,L,3.2,2.7,10.2,8.3,33.3,69.2,45.7,4.7,1.3,,916.0,university of wolverhampton,united kingdom,14580.0,16.2,27,64 : 36,35.991499999999995,19.2,14.9,60.2,48.1,80.3,2025,42.08,30.15,42.727598371777475,78.01899592944369,48.1,41.42015943012211
,1001-1200,university of wyoming,US,united states,M,3.2,1.6,28.4,21.1,6.8,4.0,52.2,6.5,3.6,,766.0,university of wyoming,united states,9817.0,13.8,4,52 : 48,38.7855,35.1,19.4,59.3,53.0,38.6,2025,43.339999999999996,5.4,53.57017639077341,81.27544097693352,53.0,42.67856173677069
,1001-1200,university of žilina,SK,slovakia,M,6.6,1.8,60.1,6.6,2.0,6.0,19.3,4.6,1.0,,1194.0,university of žilina,slovakia,7056.0,14.2,7,34 : 66,30.695500000000003,26.2,19.6,44.3,35.5,34.3,2025,34.42,4.5,48.013080054274084,80.7327001356852,35.5,34.85157801899593
,1001-1200,vsb - technical university of ostrava,CZ,czech republic,M,6.0,10.5,18.6,4.7,11.3,28.3,50.2,3.9,4.6,,1317.0,vsb - technical university of ostrava,czech republic,11490.0,15.3,13,34 : 66,28.472,24.8,21.1,31.7,43.3,50.6,2025,27.46,12.15,46.57606512890095,79.24016282225239,43.3,34.230122795115335
,951-1000,yokohama national university,JP,japan,M,9.3,16.4,18.3,6.6,10.1,7.8,26.5,17.8,2.8,,1447.0,yokohama national university,japan,9568.0,13.7,8,28 : 72,26.2205,24.8,23.1,21.6,76.2,35.7,2025,22.200000000000003,9.05,47.44445047489823,81.41112618724559,76.2,37.163057666214385
,1401+,al-balqa applied university,JO,jordan,L,5.8,6.6,4.8,2.7,7.6,2.5,32.9,3.9,6.7,,1163.0,al-balqa applied university,jordan,24118.0,23.9,3,59 : 41,31.26,13.1,15.5,61.3,28.2,45.1,2025,42.98,5.3,34.888493894165535,67.57123473541384,28.2,32.27897286295793
,1201-1400,alexandru ioan cuza university,RO,romania,L,7.5,11.9,5.5,3.0,3.5,9.6,40.2,14.3,3.2,,1654.0,alexandru ioan cuza university,romania,24049.0,21.2,8,55 : 45,22.8565,19.0,12.0,30.8,38.1,40.1,2025,23.28,5.75,39.893894165535954,71.23473541383989,38.1,28.688362957937585
,1201-1400,anadolu university,TR,turkey,L,4.9,3.9,13.1,2.6,1.8,2.9,17.5,13.9,1.0,,1112.0,anadolu university,turkey,22455.0,17.1,5,54 : 46,32.196,26.1,11.0,60.0,20.6,33.1,2025,40.4,3.4,46.379131614654,76.79782903663501,20.6,33.9726960651289
,1201-1400,aoyama gakuin university,JP,japan,L,7.0,10.9,5.2,1.8,15.4,2.5,6.2,9.5,1.0,,2018.0,aoyama gakuin university,japan,20276.0,12.3,2,49 : 51,14.879499999999998,19.6,9.0,9.3,25.5,35.7,2025,9.18,8.7,45.08428765264586,83.31071913161466,25.5,24.12250067842605
,1201-1400,bahauddin zakariya university,PK,pakistan,XL,6.0,6.2,1.8,14.6,,1.0,44.6,4.1,1.0,,1062.0,bahauddin zakariya university,pakistan,18672.0,18.5,0,40 : 60,33.222,20.1,12.9,63.5,21.6,48.5,2025,43.260000000000005,,42.01929443690638,74.89823609226595,21.6,
,1201-1400,benemérita universidad autónoma de puebla,MX,mexico,XL,13.7,5.4,2.8,1.9,2.8,1.3,24.5,2.0,1.2,,1954.0,benemérita universidad autónoma de puebla,mexico,82994.0,23.3,1,52 : 48,16.299,22.0,8.9,12.3,20.2,36.4,2025,10.940000000000001,1.9,40.55413839891452,68.3853459972863,20.2,21.33794843962008
,1201-1400,central michigan university,US,united states,L,3.6,3.4,8.2,6.5,2.4,6.9,23.4,7.7,1.2,,1068.0,central michigan university,united states,14417.0,19.6,5,60 : 40,33.08,29.1,16.6,50.9,45.6,34.5,2025,37.18,3.7,46.822279511533246,73.40569877883311,45.6,36.79579782903663
,1201-1400,chaoyang university of technology,TW,taiwan,L,5.5,5.8,4.3,3.9,5.6,5.9,26.5,2.0,4.3,,1399.0,chaoyang university of technology,taiwan,13287.0,34.8,6,59 : 41,27.1205,14.5,21.6,38.1,49.6,42.2,2025,31.5,5.8,29.812618724559027,52.78154681139756,49.6,29.76941655359566
,1201-1400,chitkara university,IN,india,L,6.1,7.4,15.9,2.2,5.5,3.0,29.4,1.9,3.3,,757.0,chitkara university,india,16862.0,14.6,3,42 : 58,38.998,20.6,11.4,88.9,20.0,28.6,2025,57.900000000000006,4.25,44.43598371777476,80.1899592944369,20.0,39.455094301221166
,1401+,cukurova university,TR,turkey,XL,4.9,3.8,5.2,2.6,1.9,3.3,46.2,7.6,2.9,,1748.0,cukurova university,turkey,36514.0,16.6,4,45 : 55,21.0755,22.0,10.9,27.0,27.8,29.5,2025,20.56,2.95,44.19050203527816,77.47625508819539,27.8,27.275175712347355
,1001-1200,doshisha university,JP,japan,L,8.6,11.4,5.2,1.8,17.6,3.7,18.7,19.1,1.0,,1968.0,doshisha university,japan,26942.0,18.3,4,42 : 58,15.8785,17.6,11.2,10.9,36.9,35.9,2025,11.02,10.8,40.62784260515604,75.1696065128901,36.9,25.231744911804615
,1001-1200,escuela politécnica nacional,EC,ecuador,M,6.9,9.2,16.6,3.4,5.0,1.6,14.9,5.0,1.3,,1795.0,escuela politécnica nacional,ecuador,7685.0,13.2,2,29 : 71,19.9625,18.3,9.4,24.0,22.2,50.0,2025,18.16,3.5,43.81582089552239,82.08955223880596,22.2,25.546537313432832
,1201-1400,feng chia university,TW,taiwan,L,10.8,7.9,4.4,6.1,3.4,4.4,11.2,15.5,16.7,,1616.0,feng chia university,taiwan,20054.0,23.3,6,41 : 59,23.408,17.1,18.4,24.2,73.5,37.7,2025,21.88,4.7,37.61413839891452,68.3853459972863,73.5,32.55294843962008
,1201-1400,fu jen catholic university,TW,taiwan,L,7.6,6.9,3.6,7.0,7.6,4.2,16.1,27.1,4.0,,1318.0,fu jen catholic university,taiwan,19251.0,30.2,5,59 : 41,28.4625,21.9,28.8,28.3,73.5,29.6,2025,28.5,6.3,36.74922659430122,59.02306648575305,73.5,34.807229308005425
,1201-1400,german university in cairo,EG,egypt,L,8.3,15.2,7.0,2.2,13.4,1.1,12.8,4.4,1.0,,1609.0,german university in cairo,egypt,12183.0,12.7,2,43 : 57,23.4685,18.7,3.7,42.0,21.1,45.8,2025,26.68,7.7,44.327191316146546,82.76797829036636,21.1,29.17251696065129
,1201-1400,hanoi university of science and technology,VN,vietnam,XL,7.3,7.3,2.4,4.7,4.2,1.2,23.1,23.1,3.4,,1618.0,hanoi university of science and technology,vietnam,37561.0,34.8,0,20 : 80,23.3855,16.1,16.9,28.7,59.5,36.6,2025,23.979999999999997,2.1,30.772618724559027,52.78154681139756,59.5,28.40341655359566
,1201-1400,helwan university,EG,egypt,XL,7.3,12.4,3.6,1.6,1.1,1.6,50.7,13.2,1.5,,1467.0,helwan university,egypt,153363.0,22.4,2,56 : 44,25.7605,22.5,9.0,40.4,21.7,47.0,2025,27.84,1.55,41.342605156038,69.60651289009499,21.7,27.701411804613297
,1201-1400,hongik university,KR,south korea,L,4.2,5.6,9.8,3.0,16.0,9.6,14.2,4.8,1.0,,1607.0,hongik university,south korea,16028.0,17.5,10,57 : 43,23.5305,24.2,15.2,24.2,41.4,40.9,2025,20.6,13.0,45.02203527815468,76.2550881953867,41.4,31.127712347354137
,,hue university,VN,vietnam,XL,4.6,12.9,3.0,1.6,4.8,1.4,41.6,4.5,1.1,,1950.0,hue university,vietnam,51973.0,23.5,1,58 : 42,16.365,13.5,9.1,18.0,16.9,48.9,2025,14.44,2.9,35.34559023066486,68.11397557666214,16.9,20.3949565807327
,1201-1400,ivan franko national university of lviv,UA,ukraine,L,5.7,12.8,30.2,1.3,1.3,1.5,12.6,18.6,2.0,,1976.0,ivan franko national university of lviv,ukraine,20729.0,11.2,2,65 : 35,15.7045,22.3,10.7,10.4,18.2,29.0,2025,10.52,1.65,47.301302578019,84.80325644504748,18.2,23.214955902306645
,1201-1400,jahangirnagar university,BD,bangladesh,L,9.7,12.7,4.0,5.7,,,29.4,3.8,1.1,,841.0,jahangirnagar university,bangladesh,12965.0,18.1,0,49 : 51,37.4105,25.4,9.7,75.4,19.3,49.5,2025,49.120000000000005,,45.416390773405695,75.44097693351425,19.3,
,1201-1400,jeju national university,KR,south korea,M,3.6,1.9,30.0,7.0,7.5,5.5,23.1,1.8,15.0,,1189.0,jeju national university,south korea,10056.0,16.0,5,53 : 47,30.759,32.5,20.8,36.9,40.8,32.5,2025,30.459999999999997,6.25,50.816146540027134,78.29036635006784,40.8,35.50415128900949
,1201-1400,kenyatta university,KE,kenya,XL,7.0,7.4,1.5,1.3,,,13.1,28.4,1.0,,1805.0,kenyatta university,kenya,55310.0,28.7,5,75 : 25,19.8255,14.2,8.9,27.2,17.2,56.1,2025,19.880000000000003,,32.94333785617368,61.05834464043419,17.2,
,1201-1400,kharkiv national university of radio electronics,UA,ukraine,M,3.9,12.3,21.6,1.5,1.4,5.1,11.9,4.1,1.4,,1849.0,kharkiv national university of radio electronics,ukraine,7684.0,10.9,6,27 : 73,18.826,21.5,9.3,23.4,17.6,27.5,2025,17.759999999999998,3.7,46.98412483039349,85.21031207598372,17.6,25.85544369063772
,1401+,khulna university,BD,bangladesh,M,6.9,5.0,10.5,5.3,,,17.8,3.8,1.0,,1500.0,khulna university,bangladesh,6524.0,12.6,0,43 : 57,25.160500000000003,18.3,10.0,43.0,18.8,42.8,2025,29.8,,44.14146540027137,82.90366350067842,18.8,
,1201-1400,king mongkut's university of technology north bangkok,TH,thailand,L,8.5,4.9,4.1,3.3,2.8,1.1,23.5,2.5,1.1,,1256.0,king mongkut's university of technology north bangkok,thailand,27846.0,22.7,0,40 : 60,29.5975,16.8,13.2,55.8,46.9,29.3,2025,38.76,1.4,37.7597829036635,69.19945725915875,46.9,34.02692401628222
,1001-1200,kookmin university,KR,south korea,L,3.6,4.0,35.3,2.9,4.9,31.1,7.9,2.9,2.9,,1486.0,kookmin university,south korea,16080.0,18.1,12,50 : 50,25.478,24.1,20.3,24.8,56.1,37.3,2025,23.0,8.45,44.6363907734057,75.44097693351425,56.1,33.35523677069199
,1401+,kwame nkrumah university of science and technology,GH,ghana,XL,6.9,6.0,4.8,2.0,,,55.3,34.5,2.3,,1235.0,kwame nkrumah university of science and technology,ghana,75325.0,48.3,1,39 : 61,29.968,16.3,17.2,49.4,45.1,47.3,2025,36.519999999999996,,23.56561736770692,34.464043419267306,45.1,
,1001-1200,kyoto institute of technology,JP,japan,S,6.1,3.9,14.4,11.7,11.1,9.0,9.3,1.9,1.1,,1667.0,kyoto institute of technology,japan,3954.0,14.2,5,29 : 71,22.592,26.6,16.9,14.7,75.1,32.4,2025,15.579999999999998,8.05,48.253080054274086,80.7327001356852,75.1,34.81407801899593
,1001-1200,meiji university,JP,japan,XL,6.7,19.2,4.4,1.6,10.5,4.6,13.4,17.3,1.1,,1956.0,meiji university,japan,33118.0,34.2,5,34 : 66,16.2335,16.4,11.9,13.7,38.3,30.7,2025,12.98,7.75,31.278263229308003,53.595658073270016,38.3,22.3978921302578
,1201-1400,national dong hwa university,TW,taiwan,M,9.2,4.5,6.3,5.4,4.9,10.2,9.7,2.0,1.3,,1532.0,national dong hwa university,taiwan,10011.0,18.2,9,52 : 48,24.8005,18.8,24.1,22.8,41.7,50.1,2025,23.32,6.95,41.402116689280874,75.30529172320217,41.7,29.950240841248302
,1201-1400,national taipei university,TW,taiwan,M,7.6,4.5,7.8,2.8,2.6,4.5,5.0,18.9,1.1,,1765.0,national taipei university,taiwan,8620.0,16.1,5,54 : 46,20.7115,20.2,15.6,22.4,29.4,31.1,2025,19.68,3.8,43.381872455902304,78.15468113975577,29.4,27.051655359565803
,1201-1400,national taiwan ocean university,TW,taiwan,M,6.0,3.2,11.9,10.8,7.5,7.6,22.6,3.3,17.5,,1396.0,national taiwan ocean university,taiwan,8322.0,16.0,8,32 : 68,27.139,20.2,26.1,29.0,57.9,34.6,2025,27.84,7.75,43.43614654002714,78.29036635006784,57.9,34.79415128900949
,1201-1400,óbuda university,HU,hungary,M,5.5,4.9,2.5,7.8,17.9,7.6,29.1,3.8,1.0,,788.0,óbuda university,hungary,7718.0,23.0,8,21 : 79,38.467,18.5,26.7,69.2,22.1,48.3,2025,52.2,12.95,38.61696065128901,68.79240162822252,22.1,37.043436227951155
,1201-1400,osmania university,IN,india,M,5.4,3.7,3.5,21.0,,5.4,17.2,7.2,1.0,,1338.0,osmania university,india,10097.0,23.0,3,40 : 60,28.0995,34.2,16.8,34.2,30.9,21.9,2025,27.240000000000002,,48.03696065128901,68.79240162822252,30.9,
,1201-1400,pondicherry university,IN,india,M,4.1,2.1,5.4,16.5,1.9,1.1,21.1,2.7,5.8,,1251.0,pondicherry university,india,9199.0,21.3,0,45 : 55,29.714,33.5,17.3,38.7,39.8,21.5,2025,30.140000000000004,0.95,48.53962008141113,71.09905020352782,39.8,33.65036702849389
,1201-1400,portland state university,US,united states,L,4.1,1.7,9.3,9.2,1.6,6.1,44.4,9.7,6.8,,947.0,portland state university,united states,17841.0,20.2,6,58 : 42,35.446,20.7,24.6,58.2,53.2,34.9,2025,44.760000000000005,3.8,41.45663500678427,72.59158751696066,53.2,38.7258222523745
,1201-1400,pukyong national university,KR,south korea,L,5.7,3.1,12.7,7.0,6.2,7.1,32.3,1.6,28.4,,1401.0,pukyong national university,south korea,16635.0,14.5,8,47 : 53,27.087499999999995,27.2,16.2,33.3,46.2,33.7,2025,26.459999999999997,7.1,48.450257801899596,80.32564450474898,46.2,34.213590230664856
,1201-1400,rikkyo university,JP,japan,L,4.0,9.6,8.2,2.1,23.7,5.6,13.7,5.8,1.2,,1504.0,rikkyo university,japan,19610.0,14.3,4,55 : 45,25.13,18.9,9.4,38.9,20.4,57.9,2025,27.1,13.85,43.57880597014925,80.59701492537313,20.4,29.875082089552233
,1201-1400,saitama university,JP,japan,M,4.9,1.6,11.5,6.8,9.7,4.9,18.1,1.8,1.1,,1712.0,saitama university,japan,8312.0,15.3,6,32 : 68,21.727,21.6,16.1,18.5,51.9,40.8,2025,17.54,7.85,44.656065128900956,79.24016282225239,51.9,30.731122795115333
,1201-1400,suez canal university,EG,egypt,XL,4.1,2.6,13.1,2.3,2.1,1.8,48.9,2.4,8.3,,1179.0,suez canal university,egypt,48764.0,14.1,1,55 : 45,30.862,20.8,9.6,56.8,27.3,50.8,2025,37.92,1.55,44.82735413839892,80.86838534599728,27.3,33.28907394843962
,1201-1400,suranaree university of technology,TH,thailand,L,6.4,2.8,3.7,9.6,5.8,1.6,30.0,2.7,1.3,,1495.0,suranaree university of technology,thailand,13977.0,26.0,1,53 : 47,25.284,21.7,17.8,29.6,52.2,36.7,2025,24.880000000000003,3.4,38.9087381275441,64.72184531886025,52.2,30.666058344640433
,1201-1400,tamkang university,TW,taiwan,L,5.7,4.9,4.0,5.0,6.0,7.4,14.2,29.2,10.1,,1549.0,tamkang university,taiwan,22492.0,18.1,8,47 : 53,24.453,16.4,11.7,36.7,47.8,44.0,2025,26.7,7.0,40.016390773405696,75.44097693351425,47.8,31.57073677069199
,1201-1400,tanta university,EG,egypt,XL,6.9,5.5,4.5,2.2,1.5,1.5,65.2,4.3,3.1,,1147.0,tanta university,egypt,133134.0,21.5,1,53 : 47,31.568,19.1,9.4,62.4,22.0,48.1,2025,41.199999999999996,1.25,39.79107191316147,70.82767978290366,22.0,31.834375169606513
,1201-1400,technical university of cluj-napoca,RO,romania,L,4.6,7.1,7.6,3.9,2.1,2.7,38.1,3.8,2.1,,1591.0,technical university of cluj-napoca,romania,18044.0,19.9,3,37 : 63,23.75,15.4,13.4,39.6,36.9,26.2,2025,29.12,2.55,38.43945725915876,72.99864314789689,36.9,29.563310040705563
,1001-1200,technical university of liberec,CZ,czech republic,M,3.9,2.2,37.6,4.6,11.2,8.7,25.5,1.7,1.0,,1596.0,technical university of liberec,czech republic,5155.0,10.9,10,57 : 43,23.7005,24.2,19.4,19.6,39.2,46.5,2025,19.52,10.6,48.60412483039349,85.21031207598372,39.2,31.31344369063772
,1001-1200,tokai university,JP,japan,L,10.5,5.8,13.6,2.8,5.6,2.9,24.5,1.8,1.3,,1404.0,tokai university,japan,28585.0,16.3,5,28 : 72,27.008000000000003,18.1,12.8,45.9,45.6,31.5,2025,32.66,5.3,42.01332428765265,77.88331071913161,45.6,33.770663500678424
,1201-1400,tunghai university,TW,taiwan,L,6.5,5.4,4.6,5.4,8.4,8.8,24.4,13.8,7.9,,1436.0,tunghai university,taiwan,15438.0,20.8,9,55 : 45,26.4395,15.0,15.6,40.9,43.7,46.3,2025,30.78,8.7,37.71099050203529,71.7774762550882,43.7,31.83184667571235
,1201-1400,universidad nacional agraria la molina,PE,peru,M,7.0,6.4,12.4,1.6,1.3,1.7,9.4,6.7,1.5,,1963.0,universidad nacional agraria la molina,peru,8031.0,9.6,1,47 : 53,15.994,23.9,7.9,8.4,16.5,46.3,2025,8.2,1.15,49.12968792401628,86.97421981004071,16.5,22.7128907734057
,1201-1400,universidad nacional del litoral,AR,argentina,XL,12.7,5.7,2.2,2.5,5.0,1.2,24.5,3.7,5.1,,1998.0,universidad nacional del litoral,argentina,50590.0,35.3,1,63 : 37,15.2975,13.7,9.6,16.7,24.3,33.2,2025,13.86,3.0,29.061248303934875,52.10312075983718,24.3,19.117436906377204
,1201-1400,universidade do estado do rio de janeiro (uerj),BR,brazil,XL,9.5,5.1,17.4,2.5,3.5,1.2,35.7,18.2,1.3,,1513.0,universidade do estado do rio de janeiro (uerj),brazil,23868.0,9.5,0,55 : 45,24.9735,34.0,14.9,24.1,29.5,29.5,2025,20.42,1.75,55.24396200814111,87.10990502035278,29.5,31.16988670284939
,1201-1400,universidade federal da bahia,BR,brazil,XL,9.0,2.7,8.5,3.1,5.1,1.4,48.8,12.4,2.5,,1621.0,universidade federal da bahia,brazil,51617.0,20.1,0,45 : 55,23.331,28.8,12.4,27.1,22.6,29.4,2025,21.220000000000002,2.55,46.370909090909095,72.72727272727273,22.6,27.429318181818182
,1201-1400,universidade federal do ceará (ufc),BR,brazil,XL,7.4,2.8,6.3,5.3,1.3,1.2,43.4,3.7,2.0,,1563.0,universidade federal do ceará (ufc),brazil,40383.0,19.5,1,45 : 55,24.264,25.9,17.8,25.4,45.6,26.9,2025,22.36,1.15,44.95655359565807,73.54138398914517,45.6,30.57329375848032
,1201-1400,universitas muhammadiyah yogyakarta,ID,indonesia,L,6.6,2.8,3.2,1.4,57.9,1.9,7.9,2.3,1.2,,1919.0,universitas muhammadiyah yogyakarta,indonesia,22681.0,29.2,2,50 : 50,17.034,12.0,10.8,21.2,16.8,44.4,2025,17.04,29.95,31.351967435549525,60.379918588873814,16.8,23.949688602442333
,1201-1400,universitas pendidikan indonesia,ID,indonesia,XL,10.9,4.1,12.0,1.4,13.2,1.6,13.1,2.3,3.3,,1766.0,universitas pendidikan indonesia,indonesia,36637.0,19.1,1,61 : 39,20.7075,18.8,11.9,29.8,20.7,25.9,2025,22.64,7.1,40.91364993215739,74.08412483039348,20.7,26.413777476255085
,1201-1400,universitas sumatera utara,ID,indonesia,XL,8.8,8.0,24.9,1.3,12.6,2.5,18.3,5.5,4.6,,1790.0,universitas sumatera utara,indonesia,39487.0,19.2,2,56 : 44,20.0615,16.9,11.0,27.7,20.4,36.8,2025,21.019999999999996,7.3,39.71937584803256,73.9484396200814,20.4,25.413781546811393
,1001-1200,universiti malaysia perlis,MY,malaysia,M,7.8,5.1,19.2,6.7,1.8,3.5,31.1,3.9,2.8,,1544.0,universiti malaysia perlis,malaysia,11116.0,12.9,4,47 : 53,24.569000000000003,22.7,13.0,33.5,32.5,36.7,2025,25.299999999999997,2.9,46.61864314789688,82.4966078697422,32.5,30.481525101763904
,1201-1400,universiti teknikal malaysia melaka,MY,malaysia,M,6.3,5.7,10.6,5.8,3.9,4.8,18.9,3.9,2.5,,1634.0,universiti teknikal malaysia melaka,malaysia,11480.0,15.9,5,38 : 62,23.119,21.3,11.7,29.2,32.5,45.1,2025,22.2,4.45,44.15042062415197,78.42605156037992,32.5,28.76514721845319
,1201-1400,university of babylon,IQ,iraq,L,4.6,9.8,14.5,2.0,1.1,1.0,29.9,4.3,1.2,,1632.0,university of babylon,iraq,29288.0,13.8,0,55 : 45,23.1265,25.7,8.6,35.7,21.4,19.8,2025,24.860000000000003,0.55,47.93017639077341,81.27544097693352,21.4,28.769061736770695
,1201-1400,university of basrah,IQ,iraq,XL,5.5,9.3,18.4,1.4,1.3,1.1,33.7,10.0,1.0,,2020.0,university of basrah,iraq,50118.0,15.7,0,64 : 36,14.7885,19.2,7.9,14.6,16.9,23.7,2025,11.92,0.65,42.99896879240163,78.69742198100407,16.9,21.85413907734057
,1401+,university of kragujevac,RS,serbia,L,3.9,3.0,8.5,3.7,1.0,1.1,44.1,9.3,1.0,,1134.0,university of kragujevac,serbia,17212.0,14.1,1,61 : 39,31.8305,23.8,11.3,60.1,27.0,32.3,2025,40.580000000000005,1.0,46.627354138398914,80.86838534599728,27.0,34.72257394843962
,1201-1400,university of memphis,US,united states,L,3.1,2.5,12.1,8.0,2.2,8.3,39.4,7.6,2.1,,963.0,university of memphis,united states,16008.0,14.4,7,61 : 39,35.034,30.7,19.5,50.2,62.0,37.1,2025,37.92,4.6,50.60453188602442,80.46132971506105,62.0,40.973586160108546
,1201-1400,university of miskolc,HU,hungary,M,6.6,5.7,18.6,2.4,3.1,3.8,19.2,13.0,1.0,,1764.0,university of miskolc,hungary,7614.0,13.8,7,50 : 50,20.8025,25.6,14.2,19.0,23.0,33.5,2025,17.08,5.05,47.87017639077341,81.27544097693352,23.0,26.94006173677069
,1201-1400,university of ostrava,CZ,czech republic,M,6.3,1.1,15.6,3.6,27.7,16.6,27.0,2.9,1.0,,1638.0,university of ostrava,czech republic,8938.0,16.0,11,70 : 30,23.094,20.4,16.6,25.7,19.3,50.4,2025,22.06,19.35,43.556146540027136,78.29036635006784,19.3,28.763151289009496
,1201-1400,university of pannonia,HU,hungary,S,4.2,4.0,22.0,8.5,3.3,8.3,44.7,4.0,1.0,,1488.0,university of pannonia,hungary,4675.0,17.7,6,48 : 52,25.441000000000003,23.1,22.2,27.2,31.9,36.7,2025,25.200000000000003,4.65,44.25348710990502,75.98371777476255,31.9,29.79122048846676
,1001-1200,university of pardubice,CZ,czech republic,M,4.5,2.3,44.5,3.1,9.7,8.8,18.7,1.7,1.0,,1730.0,university of pardubice,czech republic,7164.0,12.8,9,56 : 44,21.347,21.7,17.4,18.7,32.8,39.7,2025,18.18,9.35,46.07291723202171,82.63229308005428,32.8,28.811021031207595
,1201-1400,university of peradeniya,LK,sri lanka,L,9.0,11.6,12.0,2.0,1.0,1.3,22.7,10.9,5.8,,1346.0,university of peradeniya,sri lanka,24511.0,27.4,0,56 : 44,27.9745,12.5,10.6,56.8,28.2,40.6,2025,38.32,0.5,32.628900949796474,62.822252374491185,28.2,29.137115332428763
,1001-1200,university of primorska,SI,slovenia,M,3.7,2.5,8.9,4.1,25.0,26.4,46.3,4.2,1.0,,1624.0,university of primorska,slovenia,5745.0,14.2,20,77 : 23,23.2485,19.4,16.9,24.1,23.3,59.5,2025,21.22,22.5,43.933080054274086,80.7327001356852,23.3,29.67357801899593
,1201-1400,university of rijeka,HR,croatia,L,6.1,4.3,13.8,4.3,2.5,1.8,45.8,12.0,2.9,,1578.0,university of rijeka,croatia,12999.0,15.5,3,59 : 41,23.9355,19.7,18.4,31.2,31.7,28.8,2025,26.08,2.75,43.407516960651286,78.96879240162822,31.7,29.48813093622795
,1201-1400,university of silesia in katowice,PL,poland,L,5.4,4.2,20.3,3.1,3.5,3.9,52.5,7.4,2.4,,1687.0,university of silesia in katowice,poland,18354.0,11.3,5,66 : 34,22.2455,24.0,14.4,25.7,23.3,31.3,2025,21.18,4.25,48.267028493894166,84.66757123473542,23.3,28.438959972862957
,1201-1400,university of split,HR,croatia,L,6.3,4.0,5.0,4.2,1.4,2.0,47.5,12.3,4.5,,1376.0,university of split,croatia,19113.0,15.6,3,58 : 42,27.485499999999995,21.0,16.0,43.3,25.7,35.1,2025,32.379999999999995,2.2,44.13324287652646,78.83310719131615,25.7,30.964635006784256
,,university of sri jayewardenepura,LK,sri lanka,L,6.0,10.4,4.5,3.3,,1.0,14.1,11.0,1.0,,1744.0,university of sri jayewardenepura,sri lanka,18212.0,22.8,0,63 : 37,21.1345,12.3,9.2,38.0,17.7,36.4,2025,26.48,,35.005508819538676,69.06377204884669,17.7,
,1201-1400,university of west bohemia,CZ,czech republic,M,5.6,2.1,10.9,3.8,,,37.2,5.2,1.0,,1423.0,university of west bohemia,czech republic,11398.0,13.6,5,54 : 46,26.6725,21.3,17.8,37.4,33.8,35.4,2025,29.56,,45.398724559023066,81.54681139755766,33.8,
,1001-1200,western michigan university,US,united states,L,4.9,4.9,10.0,5.8,21.4,10.6,33.3,16.5,1.6,,1226.0,western michigan university,united states,15111.0,20.0,8,54 : 46,30.1085,26.0,17.4,41.2,43.5,43.9,2025,31.680000000000003,14.7,44.74518317503392,72.86295793758481,43.5,35.47881411126187
,1001-1200,yamaguchi university,JP,japan,M,3.9,1.8,41.8,4.2,6.7,2.5,18.7,1.8,1.0,,1589.0,yamaguchi university,japan,10310.0,10.9,5,37 : 63,23.768,28.2,13.9,22.3,58.2,32.0,2025,18.94,5.85,51.00412483039349,85.21031207598372,58.2,34.08794369063773
,1201-1400,yuan ze university,TW,taiwan,M,5.5,5.6,8.7,9.0,12.2,11.7,12.4,2.0,2.4,,985.0,yuan ze university,taiwan,6450.0,22.2,10,43 : 57,34.6715,19.8,26.2,46.8,79.5,53.5,2025,38.56,11.1,39.831153324287655,69.87788331071913,79.5,41.026903663500676
,1201-1400,zagazig university,EG,egypt,XL,7.7,4.9,3.0,2.6,1.1,2.5,67.7,3.7,5.3,,1061.0,zagazig university,egypt,169641.0,23.3,3,52 : 48,33.232,15.7,10.2,68.6,34.5,49.1,2025,45.239999999999995,2.05,36.774138398914516,68.3853459972863,34.5,34.18744843962008
,1201-1400,kwansei gakuin university,JP,japan,L,4.1,5.1,5.0,2.4,21.9,3.4,13.0,7.7,1.0,,1926.0,kwansei gakuin university,japan,25068.0,20.5,4,49 : 51,16.9075,16.1,10.5,16.5,31.7,38.6,2025,14.100000000000001,12.95,38.53381275440977,72.18453188602443,31.7,25.11933446404342
,1201-1400,lucian blaga university of sibiu,RO,romania,L,3.6,3.2,8.5,1.9,13.9,2.9,17.0,4.1,1.2,,1676.0,lucian blaga university of sibiu,romania,13109.0,16.2,3,50 : 50,22.455,18.7,15.4,31.0,19.5,31.9,2025,24.759999999999998,8.45,42.42759837177748,78.01899592944369,19.5,27.708159430122112
,1201-1400,naresuan university,TH,thailand,L,6.6,2.8,6.6,1.9,7.3,1.2,10.1,2.5,1.7,,1861.0,naresuan university,thailand,26745.0,17.7,1,64 : 36,18.653,19.7,12.2,17.0,46.4,31.3,2025,15.079999999999998,4.15,42.213487109905024,75.98371777476255,46.4,27.635220488466754
,1201-1400,national university of life and environmental sciences of ukraine,UA,ukraine,L,5.8,3.9,15.8,1.4,1.2,1.2,20.0,3.7,1.0,,1890.0,national university of life and environmental sciences of ukraine,ukraine,20345.0,15.3,0,39 : 61,17.963,16.0,8.9,26.4,24.3,23.6,2025,19.4,0.6,41.296065128900956,79.24016282225239,24.3,24.97862279511533
,1201-1400,nova southeastern university,US,united states,L,2.7,3.5,11.6,2.8,4.7,3.9,13.2,8.9,1.2,,1209.0,nova southeastern university,united states,18302.0,17.2,6,71 : 29,30.5155,38.3,13.3,35.2,51.0,36.8,2025,26.44,5.35,53.64485753052917,76.66214382632293,51.0,36.48220013568521
,1401+,pontifícia universidade católica do paraná,BR,brazil,M,4.1,2.9,7.6,3.9,1.8,1.3,28.9,3.9,1.4,,1344.0,pontifícia universidade católica do paraná,brazil,11675.0,13.8,1,55 : 45,28.027,24.8,13.5,42.2,44.9,31.2,2025,30.72,1.4,47.390176390773405,81.27544097693352,44.9,34.28356173677069
,1401+,sakarya university,TR,turkey,XL,4.6,3.1,3.1,3.3,1.4,11.3,27.6,1.9,2.7,,1505.0,sakarya university,turkey,38659.0,23.8,9,51 : 49,25.098000000000003,16.1,10.9,45.9,27.5,30.9,2025,31.9,5.2,36.74276797829037,67.70691994572591,27.5,28.929968792401628
,1201-1400,shibaura institute of technology,JP,japan,M,4.5,2.5,3.1,5.1,13.0,8.7,14.5,1.8,1.0,,1626.0,shibaura institute of technology,japan,9128.0,30.8,5,18 : 82,23.2135,19.6,21.0,20.6,47.1,43.7,2025,20.76,9.0,35.04358208955224,58.2089552238806,47.1,27.946253731343287
,1201-1400,silpakorn university,TH,thailand,L,6.3,5.4,4.4,2.8,4.3,1.2,24.7,2.5,1.0,,1802.0,silpakorn university,thailand,26892.0,22.9,3,69 : 31,19.8645,19.5,14.5,19.7,41.8,31.0,2025,17.619999999999997,3.65,39.27123473541384,68.92808683853461,41.8,26.729432157394843
,1201-1400,soongsil university,KR,south korea,L,3.5,6.0,8.3,4.5,5.2,11.2,14.9,2.8,1.0,,1465.0,soongsil university,south korea,16685.0,22.3,11,47 : 53,25.784,27.3,16.3,27.6,51.9,35.3,2025,23.08,8.1,44.27687924016283,69.74219810040707,51.9,32.574907734056985
,1401+,state university of malang,ID,indonesia,L,6.3,2.5,8.7,1.7,13.7,1.3,11.5,5.4,1.1,,1728.0,state university of malang,indonesia,35702.0,30.3,4,54 : 46,21.387,19.2,11.4,30.1,19.8,34.6,2025,22.619999999999997,8.85,35.074952510176395,58.88738127544099,19.8,24.490733378561735
,1401+,universidad autónoma de chile,CL,chile,XL,5.3,2.0,4.2,3.1,12.4,1.4,32.6,2.1,2.8,,1461.0,universidad autónoma de chile,chile,30323.0,27.9,1,64 : 36,25.951,12.5,14.2,44.0,19.2,55.7,2025,32.08,6.7,32.35753052917232,62.143826322930806,19.2,26.43813568521031
,1201-1400,universidad de cartagena,CO,colombia,L,4.8,2.7,4.0,3.2,2.2,1.1,11.0,2.1,1.2,,1391.0,universidad de cartagena,colombia,23440.0,21.5,1,53 : 47,27.2195,13.1,9.4,56.5,18.1,39.4,2025,37.66,1.6,36.191071913161466,70.82767978290366,18.1,28.80287516960651
,1401+,universidad michoacana de san nicolás de hidalgo,MX,mexico,XL,4.1,1.8,2.5,2.0,,,14.0,1.5,1.0,,2073.0,universidad michoacana de san nicolás de hidalgo,mexico,43423.0,24.7,1,56 : 44,12.969,14.4,8.6,11.1,18.8,28.6,2025,10.1,,35.234301221166895,66.48575305291723,18.8,
,1201-1400,universidad san ignacio de loyola,PE,peru,L,6.1,9.0,2.0,1.5,4.1,1.6,7.6,3.7,1.3,,1885.0,universidad san ignacio de loyola,peru,23739.0,33.4,2,52 : 48,18.1335,11.1,9.8,28.0,15.8,39.8,2025,20.720000000000002,3.05,28.532455902306655,54.68113975576663,15.8,20.06585956580733
,1401+,universidade do estado de santa catarina,BR,brazil,XL,3.7,1.3,15.4,1.7,,,9.0,2.2,1.0,,1839.0,universidade do estado de santa catarina,brazil,11651.0,12.9,1,53 : 47,19.125,28.3,11.5,16.2,23.1,22.1,2025,14.32,,49.97864314789689,82.4966078697422,23.1,
,1401+,universitas andalas,ID,indonesia,XL,8.1,5.1,7.0,1.3,6.2,1.6,4.5,3.7,1.0,,1848.0,universitas andalas,indonesia,31487.0,9.5,1,60 : 40,18.8745,23.5,9.9,18.6,26.9,32.2,2025,15.120000000000001,3.6,48.94396200814111,87.10990502035278,26.9,26.997386702849386
,1401+,universitas muhammadiyah surakarta,ID,indonesia,L,5.5,2.5,6.5,1.1,8.4,1.1,4.5,2.3,1.0,,1345.0,universitas muhammadiyah surakarta,indonesia,20121.0,15.0,1,59 : 41,27.980500000000003,16.3,9.2,58.2,17.6,31.2,2025,38.6,4.7,41.63888738127544,79.6472184531886,17.6,31.4286105834464
,1401+,university of craiova,RO,romania,L,4.5,2.2,3.2,2.1,,,21.8,13.4,1.0,,1773.0,university of craiova,romania,16537.0,20.8,4,52 : 48,20.446,18.6,12.3,28.2,25.3,25.6,2025,21.84,,39.87099050203528,71.7774762550882,25.3,
,1401+,university of lampung,ID,indonesia,L,4.7,2.3,5.1,1.3,1.2,1.0,3.4,2.2,1.0,,2032.0,university of lampung,indonesia,36635.0,22.0,0,61 : 39,14.4505,12.3,8.6,20.7,17.7,18.8,2025,15.86,0.6,35.43970149253732,70.1492537313433,17.7,20.69989552238806
,1401+,university of mataram,ID,indonesia,XL,6.4,1.7,3.8,1.1,1.5,1.0,3.7,2.2,1.0,,2078.0,university of mataram,indonesia,30016.0,22.5,0,61 : 39,12.547,11.5,8.2,14.5,16.6,23.5,2025,11.979999999999999,0.75,34.68833107191317,69.47082767978291,16.6,18.936415875169608
,1401+,university of oradea,RO,romania,L,5.6,2.2,4.0,1.9,1.5,5.2,34.5,6.2,2.3,,1674.0,university of oradea,romania,18253.0,19.6,5,56 : 44,22.469,15.2,13.2,34.9,18.3,39.4,2025,26.22,3.25,38.48227951153324,73.40569877883311,18.3,25.878297829036633
